Ticker,Sector,IsFinanceSector,NetProfitNegative,EBITDA_Negative,ROE,ROCE,DebtEquity,ICR,GrossNPA_Pct,CAR_Pct,RevenueDecline2Yr,PromoterHolding,PromoterPledge,PledgeIncreasing3Qtrs,MarketCap_Cr,AuditorFlag,PromoterSelling,LastUpdated,DataSource,FetchError
360ONE,Financial Services,True,False,False,15.0,12.3,1.47,1.46,0.0,15.0,False,50.0,0.0,False,41128.0,False,False,2026-04-12,yfinance,
3MINDIA,Industrials,False,False,False,15.0,36.84,0.06,67.23,0.0,15.0,False,50.0,0.0,False,35457.0,False,False,2026-04-12,yfinance,
AADHARHFC,Financial Services,True,False,False,15.0,10.32,2.55,1.84,0.0,15.0,False,50.0,0.0,False,20853.0,False,False,2026-04-12,yfinance,
AARTIIND,Basic Materials,False,False,False,15.0,7.84,0.7,2.54,0.0,15.0,False,50.0,0.0,False,15388.0,False,False,2026-04-12,yfinance,
AAVAS,Financial Services,True,False,False,15.0,2.46,3.08,75.53,0.0,15.0,False,50.0,0.0,False,9865.0,False,False,2026-04-12,yfinance,
ABB,Industrials,False,False,False,22.39,23.73,0.01,96.73,0.0,15.0,False,50.0,0.0,False,145367.0,False,False,2026-04-12,yfinance,
ABBOTINDIA,Healthcare,False,False,False,15.0,36.47,0.05,143.89,0.0,15.0,False,50.0,0.0,False,54865.0,False,False,2026-04-12,yfinance,
ABCAPITAL,Financial Services,True,False,False,15.0,15.0,4.6,1.5,0.0,15.0,False,50.0,0.0,False,89652.0,False,False,2026-04-12,yfinance,
ABDL,Consumer Defensive,False,False,False,15.0,22.42,0.67,3.02,0.0,15.0,False,50.0,0.0,False,14248.0,False,False,2026-04-12,yfinance,
ABFRL,Consumer Cyclical,False,True,False,15.0,-3.52,0.85,-0.8,0.0,15.0,False,50.0,0.0,False,7338.0,False,False,2026-04-12,yfinance,
ABLBL,Consumer Cyclical,False,False,False,15.0,15.0,2.67,3.0,0.0,15.0,False,50.0,0.0,False,12287.0,False,False,2026-04-12,yfinance,
ABREL,Real Estate,False,True,True,15.0,-0.33,1.45,-0.59,0.0,15.0,False,50.0,0.0,False,15048.0,False,False,2026-04-12,yfinance,
ABSLAMC,Financial Services,True,False,False,15.0,24.64,0.02,167.9,0.0,15.0,False,50.0,0.0,False,28819.0,False,False,2026-04-12,yfinance,
ACC,Basic Materials,False,False,False,15.0,10.43,0.02,19.04,0.0,15.0,False,50.0,0.0,False,26752.0,False,False,2026-04-12,yfinance,
ACE,Industrials,False,False,False,15.0,29.96,0.08,17.03,0.0,15.0,False,50.0,0.0,False,10823.0,False,False,2026-04-12,yfinance,
ACMESOLAR,Utilities,False,False,False,15.0,5.56,2.72,1.27,0.0,15.0,False,50.0,0.0,False,16261.0,False,False,2026-04-12,yfinance,
ACUTAAS,Basic Materials,False,False,False,15.0,15.25,0.01,33.04,0.0,15.0,False,50.0,0.0,False,19340.0,False,False,2026-04-12,yfinance,
ADANIENSOL,Utilities,False,False,False,15.0,10.22,1.87,2.09,0.0,15.0,False,50.0,0.0,False,139258.0,False,False,2026-04-12,yfinance,
ADANIENT,Energy,False,False,False,15.0,6.93,1.78,2.14,0.0,15.0,False,50.0,0.0,False,284208.0,False,False,2026-04-12,yfinance,
ADANIGREEN,Utilities,False,False,False,15.0,6.78,2.96,1.32,0.0,15.0,False,50.0,0.0,False,178776.0,False,False,2026-04-12,yfinance,
ADANIPORTS,Industrials,False,False,False,19.41,12.35,0.82,5.25,0.0,15.0,False,50.0,0.0,False,339903.0,False,False,2026-04-12,yfinance,
ADANIPOWER,Utilities,False,False,False,15.0,18.4,0.81,5.78,0.0,15.0,False,50.0,0.0,False,339068.0,False,False,2026-04-12,yfinance,
AEGISLOG,Energy,False,False,False,15.0,9.62,0.28,6.01,0.0,15.0,True,50.0,0.0,False,22199.0,False,False,2026-04-12,yfinance,
AEGISVOPAK,Energy,False,True,False,15.0,6.63,0.42,1.69,0.0,15.0,False,50.0,0.0,False,21051.0,False,False,2026-04-12,yfinance,
AFCONS,Industrials,False,False,False,15.0,12.79,0.66,2.44,0.0,15.0,False,50.0,0.0,False,11949.0,False,False,2026-04-12,yfinance,
AFFLE,Communication Services,False,False,False,15.0,13.0,0.01,41.68,0.0,15.0,False,50.0,0.0,False,19711.0,False,False,2026-04-12,yfinance,
AGARWALEYE,Healthcare,False,False,False,15.0,7.78,0.49,2.31,0.0,15.0,False,50.0,0.0,False,13815.0,False,False,2026-04-12,yfinance,
AIAENG,Industrials,False,False,False,15.0,14.94,0.14,49.91,0.0,15.0,True,50.0,0.0,False,35213.0,False,False,2026-04-12,yfinance,
AIIL,Financial Services,True,False,False,15.0,27.55,0.2,81.27,0.0,15.0,False,50.0,0.0,False,37464.0,False,False,2026-04-12,yfinance,
AJANTPHARM,Healthcare,False,False,False,15.0,28.08,0.06,54.44,0.0,15.0,False,50.0,0.0,False,35074.0,False,False,2026-04-12,yfinance,
AKUMS,Healthcare,False,True,False,15.0,9.65,0.03,10.22,0.0,15.0,False,50.0,0.0,False,7899.0,False,False,2026-04-12,yfinance,
AKZOINDIA,Basic Materials,False,False,False,15.0,37.1,0.03,59.25,0.0,15.0,False,50.0,0.0,False,13551.0,False,False,2026-04-12,yfinance,
ALKEM,Healthcare,False,False,False,15.0,15.91,0.17,25.04,0.0,15.0,False,50.0,0.0,False,65043.0,False,False,2026-04-12,yfinance,
ALKYLAMINE,Basic Materials,False,False,False,15.0,14.67,0.5,395.75,0.0,15.0,False,50.0,0.0,False,7137.0,False,False,2026-04-12,yfinance,
ALOKINDS,Consumer Cyclical,False,True,False,15.0,-7.06,0.5,-1.17,0.0,15.0,True,50.0,0.0,False,6902.0,False,False,2026-04-12,yfinance,
AMBER,Consumer Cyclical,False,False,False,15.0,14.65,0.74,3.3,0.0,15.0,False,50.0,0.0,False,25496.0,False,False,2026-04-12,yfinance,
AMBUJACEM,Basic Materials,False,False,False,15.0,5.21,0.02,16.2,0.0,15.0,False,50.0,0.0,False,110046.0,False,False,2026-04-12,yfinance,
ANANDRATHI,Financial Services,True,False,False,46.74,40.57,0.08,28.32,0.0,15.0,False,50.0,0.0,False,29709.0,False,False,2026-04-12,yfinance,
ANANTRAJ,Real Estate,False,False,False,15.0,9.72,0.13,44.02,0.0,15.0,False,50.0,0.0,False,17575.0,False,False,2026-04-12,yfinance,
ANGELONE,Financial Services,True,False,False,15.0,19.67,0.76,4.52,0.0,15.0,False,50.0,0.0,False,25596.0,False,False,2026-04-12,yfinance,
ANTHEM,Healthcare,False,False,False,15.0,23.86,0.04,59.12,0.0,15.0,False,50.0,0.0,False,41814.0,False,False,2026-04-12,yfinance,
ANURAS,Basic Materials,False,False,False,15.0,8.65,0.38,2.94,0.0,15.0,True,50.0,0.0,False,14662.0,False,False,2026-04-12,yfinance,
APARINDS,Industrials,False,False,False,15.0,29.67,0.14,5.55,0.0,15.0,False,50.0,0.0,False,45561.0,False,False,2026-04-12,yfinance,
APLAPOLLO,Basic Materials,False,False,False,15.0,20.14,0.16,7.5,0.0,15.0,False,50.0,0.0,False,57325.0,False,False,2026-04-12,yfinance,
APLLTD,Healthcare,False,False,False,15.0,13.71,0.28,9.33,0.0,15.0,False,50.0,0.0,False,14270.0,False,False,2026-04-12,yfinance,
APOLLOHOSP,Healthcare,False,False,False,15.0,14.15,0.84,5.39,0.0,15.0,False,50.0,0.0,False,108004.0,False,False,2026-04-12,yfinance,
APOLLOTYRE,Consumer Cyclical,False,False,False,15.0,10.51,0.29,4.84,0.0,15.0,False,50.0,0.0,False,27749.0,False,False,2026-04-12,yfinance,
APTUS,Financial Services,True,False,False,15.0,15.0,1.57,3.0,0.0,15.0,False,50.0,0.0,False,11178.0,False,False,2026-04-12,yfinance,
ARE&M,Industrials,False,False,False,15.0,14.14,0.04,37.94,0.0,15.0,False,50.0,0.0,False,13571.0,False,False,2026-04-12,yfinance,
AREM,Unknown,False,False,False,15.0,15.0,0.5,3.0,0.0,15.0,False,50.0,0.0,False,10000.0,False,False,2026-04-12,placeholder,empty_info
ASAHIINDIA,Consumer Cyclical,False,False,False,15.0,11.67,0.77,4.92,0.0,15.0,False,50.0,0.0,False,22175.0,False,False,2026-04-12,yfinance,
ASHOKLEY,Industrials,False,False,False,15.0,15.9,3.28,2.23,0.0,15.0,False,50.0,0.0,False,104566.0,False,False,2026-04-12,yfinance,
ASIANPAINT,Basic Materials,False,False,False,15.0,22.44,0.18,21.97,0.0,15.0,False,50.0,0.0,False,226295.0,False,False,2026-04-12,yfinance,
ASTERDM,Healthcare,False,False,False,15.0,9.18,0.44,4.89,0.0,15.0,False,50.0,0.0,False,35253.0,False,False,2026-04-12,yfinance,
ASTRAL,Industrials,False,False,False,15.0,17.95,0.07,24.82,0.0,15.0,False,50.0,0.0,False,43790.0,False,False,2026-04-12,yfinance,
ASTRAZEN,Healthcare,False,False,False,15.0,26.35,0.04,147.13,0.0,15.0,False,50.0,0.0,False,20747.0,False,False,2026-04-12,yfinance,
ATGL,Utilities,False,False,False,15.0,15.25,0.45,10.76,0.0,15.0,False,50.0,0.0,False,63938.0,False,False,2026-04-12,yfinance,
ATHERENERG,Consumer Cyclical,False,True,True,15.0,-98.64,0.16,-9.6,0.0,15.0,False,50.0,0.0,False,33027.0,False,False,2026-04-12,yfinance,
ATUL,Basic Materials,False,False,False,15.0,9.85,0.03,25.62,0.0,15.0,False,50.0,0.0,False,18990.0,False,False,2026-04-12,yfinance,
AUBANK,Financial Services,True,False,False,15.0,15.0,0.5,3.0,0.0,15.0,False,50.0,0.0,False,73358.0,False,False,2026-04-12,yfinance,
AUROPHARMA,Healthcare,False,False,False,15.0,14.38,0.22,11.46,0.0,15.0,False,50.0,0.0,False,78373.0,False,False,2026-04-12,yfinance,
AWL,Consumer Defensive,False,False,False,15.0,20.18,0.11,3.85,0.0,15.0,False,50.0,0.0,False,23628.0,False,False,2026-04-12,yfinance,
AXISBANK,Financial Services,True,False,False,13.63,15.0,0.5,3.0,0.0,15.0,False,50.0,0.0,False,420074.0,False,False,2026-04-12,yfinance,
BAJAJ-AUTO,Consumer Cyclical,False,False,False,15.0,23.6,0.57,25.86,0.0,15.0,False,50.0,0.0,False,274044.0,False,False,2026-04-12,yfinance,
BAJAJFINSV,Financial Services,True,False,False,15.0,15.0,2.38,1.98,0.0,15.0,False,50.0,0.0,False,289019.0,False,False,2026-04-12,yfinance,
BAJAJHFL,Financial Services,True,False,False,15.0,3.0,4.44,677.94,0.0,15.0,False,50.0,0.0,False,71577.0,False,False,2026-04-12,yfinance,
BAJAJHLDNG,Financial Services,True,False,False,15.0,15.0,0.0,3.0,0.0,15.0,False,50.0,0.0,False,111266.0,False,False,2026-04-12,yfinance,
BAJFINANCE,Financial Services,True,False,False,15.0,15.0,3.1,3.0,0.0,15.0,False,50.0,0.0,False,574732.0,False,False,2026-04-12,yfinance,
BALKRISIND,Consumer Cyclical,False,False,False,15.0,15.59,0.35,16.24,0.0,15.0,False,50.0,0.0,False,43862.0,False,False,2026-04-12,yfinance,
BALRAMCHIN,Consumer Defensive,False,False,False,15.0,12.14,0.2,6.0,0.0,15.0,False,50.0,0.0,False,9562.0,False,False,2026-04-12,yfinance,
BANDHANBNK,Financial Services,True,False,False,15.0,15.0,0.5,3.0,0.0,15.0,False,50.0,0.0,False,27076.0,False,False,2026-04-12,yfinance,
BANKBARODA,Financial Services,True,False,False,12.81,15.0,0.5,3.0,0.0,15.0,False,50.0,0.0,False,142828.0,False,False,2026-04-12,yfinance,
BANKINDIA,Financial Services,True,False,False,12.05,15.0,0.5,3.0,0.0,15.0,False,50.0,0.0,False,67348.0,False,False,2026-04-12,yfinance,
BASF,Basic Materials,False,False,False,15.0,15.8,0.04,38.28,0.0,15.0,False,50.0,0.0,False,15629.0,False,False,2026-04-12,yfinance,
BATAINDIA,Consumer Cyclical,False,False,False,15.0,13.48,0.9,3.03,0.0,15.0,False,50.0,0.0,False,9196.0,False,False,2026-04-12,yfinance,
BAYERCROP,Basic Materials,False,False,False,15.0,20.16,0.03,35.85,0.0,15.0,False,50.0,0.0,False,21609.0,False,False,2026-04-12,yfinance,
BBTC,Consumer Defensive,False,False,False,15.0,32.47,0.3,17.79,0.0,15.0,False,50.0,0.0,False,10378.0,False,False,2026-04-12,yfinance,
BDL,Industrials,False,False,False,15.0,5.45,0.0,209.77,0.0,15.0,False,50.0,0.0,False,49336.0,False,False,2026-04-12,yfinance,
BEL,Industrials,False,False,False,15.0,30.96,0.0,694.97,0.0,15.0,False,50.0,0.0,False,323421.0,False,False,2026-04-12,yfinance,
BELRISE,Consumer Cyclical,False,False,False,15.0,15.48,0.29,2.34,0.0,15.0,False,50.0,0.0,False,18340.0,False,False,2026-04-12,yfinance,
BEML,Industrials,False,False,False,15.0,10.99,0.24,8.95,0.0,15.0,False,50.0,0.0,False,13503.0,False,False,2026-04-12,yfinance,
BERGEPAINT,Basic Materials,False,False,False,15.0,22.76,0.11,24.29,0.0,15.0,False,50.0,0.0,False,53065.0,False,False,2026-04-12,yfinance,
BHARATFORG,Consumer Cyclical,False,False,False,15.0,16.37,0.71,4.72,0.0,15.0,False,50.0,0.0,False,85999.0,False,False,2026-04-12,yfinance,
BHARTIARTL,Communication Services,False,False,False,23.12,14.48,1.17,2.74,0.0,15.0,False,50.0,0.0,False,1139105.0,False,False,2026-04-12,yfinance,
BHARTIHEXA,Communication Services,False,False,False,28.81,17.36,0.95,3.57,0.0,15.0,False,50.0,0.0,False,76185.0,False,False,2026-04-12,yfinance,
BHEL,Industrials,False,False,False,15.0,2.03,0.45,1.08,0.0,15.0,False,50.0,0.0,False,99138.0,False,False,2026-04-12,yfinance,
BIKAJI,Consumer Defensive,False,False,False,15.0,15.42,0.19,24.73,0.0,15.0,False,50.0,0.0,False,16069.0,False,False,2026-04-12,yfinance,
BIOCON,Healthcare,False,False,False,15.0,3.66,0.5,1.83,0.0,15.0,False,50.0,0.0,False,56450.0,False,False,2026-04-12,yfinance,
BLS,Industrials,False,False,False,15.0,24.72,0.17,20.66,0.0,15.0,False,50.0,0.0,False,11876.0,False,False,2026-04-12,yfinance,
BLUEDART,Industrials,False,False,False,15.0,17.18,0.5,4.89,0.0,15.0,False,50.0,0.0,False,12269.0,False,False,2026-04-12,yfinance,
BLUEJET,Healthcare,False,False,False,15.0,30.99,0.02,3749.39,0.0,15.0,False,50.0,0.0,False,7057.0,False,False,2026-04-12,yfinance,
BLUESTARCO,Industrials,False,False,False,15.0,23.78,0.33,19.77,0.0,15.0,False,50.0,0.0,False,34745.0,False,False,2026-04-12,yfinance,
BOSCHLTD,Consumer Cyclical,False,False,False,15.0,13.04,0.01,196.84,0.0,15.0,False,50.0,0.0,False,110131.0,False,False,2026-04-12,yfinance,
BPCL,Energy,False,False,False,15.0,14.68,0.56,5.27,0.0,15.0,True,50.0,0.0,False,129873.0,False,False,2026-04-12,yfinance,
BRIGADE,Real Estate,False,False,False,15.0,10.49,0.76,2.32,0.0,15.0,False,50.0,0.0,False,17689.0,False,False,2026-04-12,yfinance,
BRITANNIA,Consumer Defensive,False,False,False,15.0,55.06,0.58,21.1,0.0,15.0,False,50.0,0.0,False,133863.0,False,False,2026-04-12,yfinance,
BSE,Financial Services,True,False,False,15.0,24.84,0.0,47429.0,0.0,15.0,False,50.0,0.0,False,133259.0,False,False,2026-04-12,yfinance,
BSOFT,Technology,False,False,False,15.0,16.97,0.04,26.63,0.0,15.0,False,50.0,0.0,False,10229.0,False,False,2026-04-12,yfinance,
CAMPUS,Consumer Cyclical,False,False,False,15.0,17.28,0.48,8.96,0.0,15.0,False,50.0,0.0,False,7289.0,False,False,2026-04-12,yfinance,
CAMS,Technology,True,False,False,15.0,45.38,0.06,67.83,0.0,15.0,False,50.0,0.0,False,17751.0,False,False,2026-04-12,yfinance,
CANBK,Financial Services,True,False,False,18.21,15.0,0.5,3.0,0.0,15.0,False,50.0,0.0,False,127125.0,False,False,2026-04-12,yfinance,
CANFINHOME,Financial Services,True,False,False,15.0,15.0,6.59,3.0,0.0,15.0,False,50.0,0.0,False,11241.0,False,False,2026-04-12,yfinance,
CANHLIFE,Financial Services,True,False,False,8.11,15.0,0.5,3.0,0.0,15.0,False,50.0,0.0,False,13745.0,False,False,2026-04-12,yfinance,
CAPLIPOINT,Healthcare,False,False,False,15.0,20.02,0.0,952.41,0.0,15.0,False,50.0,0.0,False,13008.0,False,False,2026-04-12,yfinance,
CARBORUNIV,Industrials,False,False,False,15.0,12.93,0.08,37.73,0.0,15.0,False,50.0,0.0,False,17059.0,False,False,2026-04-12,yfinance,
CARTRADE,Consumer Cyclical,False,False,False,15.0,4.83,0.05,10.27,0.0,15.0,False,50.0,0.0,False,8829.0,False,False,2026-04-12,yfinance,
CASTROLIND,Energy,False,False,False,45.47,62.88,0.03,134.46,0.0,15.0,False,50.0,0.0,False,17747.0,False,False,2026-04-12,yfinance,
CCL,Consumer Defensive,False,False,False,15.0,16.76,0.78,4.02,0.0,15.0,False,50.0,0.0,False,14363.0,False,False,2026-04-12,yfinance,
CDSL,Financial Services,True,False,False,15.0,31.2,0.0,5740.97,0.0,15.0,False,50.0,0.0,False,27241.0,False,False,2026-04-12,yfinance,
CEATLTD,Consumer Cyclical,False,False,False,15.0,15.16,0.68,3.37,0.0,15.0,False,50.0,0.0,False,14675.0,False,False,2026-04-12,yfinance,
CEMPRO,Industrials,False,False,False,15.0,35.02,0.48,4.74,0.0,15.0,False,50.0,0.0,False,10829.0,False,False,2026-04-12,yfinance,
CENTRALBK,Financial Services,True,False,False,13.23,15.0,0.5,3.0,0.0,15.0,False,50.0,0.0,False,32249.0,False,False,2026-04-12,yfinance,
CENTURYPLY,Basic Materials,False,False,False,15.0,12.0,0.66,5.32,0.0,15.0,False,50.0,0.0,False,16311.0,False,False,2026-04-12,yfinance,
CERA,Industrials,False,False,False,15.0,17.51,0.04,35.62,0.0,15.0,False,50.0,0.0,False,6655.0,False,False,2026-04-12,yfinance,
CESC,Utilities,False,False,False,15.0,5.2,1.41,1.18,0.0,15.0,False,50.0,0.0,False,20880.0,False,False,2026-04-12,yfinance,
CGCL,Financial Services,True,False,False,15.0,2.43,2.52,15.13,0.0,15.0,False,50.0,0.0,False,17659.0,False,False,2026-04-12,yfinance,
CGPOWER,Industrials,False,False,False,15.0,28.56,0.02,170.29,0.0,15.0,False,50.0,0.0,False,115142.0,False,False,2026-04-12,yfinance,
CHALET,Consumer Cyclical,False,False,False,15.0,11.63,0.73,3.55,0.0,15.0,False,50.0,0.0,False,16867.0,False,False,2026-04-12,yfinance,
CHAMBLFERT,Basic Materials,False,False,False,15.0,21.42,0.01,66.43,0.0,15.0,True,50.0,0.0,False,18298.0,False,False,2026-04-12,yfinance,
CHENNPETRO,Energy,False,False,False,15.0,5.17,0.22,2.0,0.0,15.0,True,50.0,0.0,False,14502.0,False,False,2026-04-12,yfinance,
CHOICEIN,Financial Services,True,False,False,15.0,19.38,0.36,4.4,0.0,15.0,False,50.0,0.0,False,15663.0,False,False,2026-04-12,yfinance,
CHOLAFIN,Financial Services,True,False,False,15.0,15.0,7.24,3.0,0.0,15.0,False,50.0,0.0,False,134724.0,False,False,2026-04-12,yfinance,
CHOLAHLDNG,Financial Services,True,False,False,15.0,3.64,6.35,130.37,0.0,15.0,False,50.0,0.0,False,30024.0,False,False,2026-04-12,yfinance,
CIPLA,Healthcare,False,False,False,15.0,19.26,0.01,139.58,0.0,15.0,False,50.0,0.0,False,99317.0,False,False,2026-04-12,yfinance,
CLEAN,Basic Materials,False,False,False,15.0,21.97,0.0,766.84,0.0,15.0,False,50.0,0.0,False,7701.0,False,False,2026-04-12,yfinance,
COALINDIA,Energy,False,False,False,15.0,20.18,0.13,59.9,0.0,15.0,True,50.0,0.0,False,267524.0,False,False,2026-04-12,yfinance,
COCHINSHIP,Industrials,False,False,False,15.0,16.79,0.2,23.34,0.0,15.0,False,50.0,0.0,False,38542.0,False,False,2026-04-12,yfinance,
COFORGE,Technology,False,False,False,15.0,13.17,0.11,9.89,0.0,15.0,False,50.0,0.0,False,41113.0,False,False,2026-04-12,yfinance,
COHANCE,Healthcare,False,False,False,15.0,12.3,0.11,28.58,0.0,15.0,False,50.0,0.0,False,14471.0,False,False,2026-04-12,yfinance,
COLPAL,Consumer Defensive,False,False,False,15.0,103.26,0.04,416.23,0.0,15.0,False,50.0,0.0,False,52741.0,False,False,2026-04-12,yfinance,
CONCOR,Industrials,False,False,False,15.0,10.15,0.07,18.83,0.0,15.0,False,50.0,0.0,False,36839.0,False,False,2026-04-12,yfinance,
CONCORDBIO,Healthcare,False,False,False,15.0,25.04,0.0,875.4,0.0,15.0,False,50.0,0.0,False,11094.0,False,False,2026-04-12,yfinance,
COROMANDEL,Basic Materials,False,False,False,15.0,20.35,0.12,9.65,0.0,15.0,False,50.0,0.0,False,63506.0,False,False,2026-04-12,yfinance,
CPPLUS,Industrials,False,False,False,15.0,20.08,0.08,5.35,0.0,15.0,False,50.0,0.0,False,22316.0,False,False,2026-04-12,yfinance,
CRAFTSMAN,Consumer Cyclical,False,False,False,15.0,10.41,1.09,2.39,0.0,15.0,False,50.0,0.0,False,17725.0,False,False,2026-04-12,yfinance,
CREDITACC,Financial Services,True,False,False,15.0,15.41,2.81,13.28,0.0,15.0,False,50.0,0.0,False,19580.0,False,False,2026-04-12,yfinance,
CRISIL,Financial Services,True,False,False,27.37,27.94,0.1,43.08,0.0,15.0,False,50.0,0.0,False,29975.0,False,False,2026-04-12,yfinance,
CROMPTON,Consumer Cyclical,False,False,False,15.0,18.28,0.05,16.0,0.0,15.0,False,50.0,0.0,False,15799.0,False,False,2026-04-12,yfinance,
CUB,Financial Services,True,False,False,15.0,15.0,0.5,3.0,0.0,15.0,False,50.0,0.0,False,19107.0,False,False,2026-04-12,yfinance,
CUMMINSIND,Industrials,False,False,False,15.0,23.95,0.0,119.53,0.0,15.0,False,50.0,0.0,False,142445.0,False,False,2026-04-12,yfinance,
CYIENT,Industrials,False,False,False,15.0,13.85,0.07,9.44,0.0,15.0,False,50.0,0.0,False,10048.0,False,False,2026-04-12,yfinance,
DABUR,Consumer Defensive,False,False,False,15.0,15.81,0.11,12.83,0.0,15.0,False,50.0,0.0,False,77280.0,False,False,2026-04-12,yfinance,
DALBHARAT,Basic Materials,False,False,False,15.0,4.31,0.4,2.72,0.0,15.0,False,50.0,0.0,False,36958.0,False,False,2026-04-12,yfinance,
DATAPATTNS,Industrials,False,False,False,15.0,16.9,0.0,455.17,0.0,15.0,False,50.0,0.0,False,18305.0,False,False,2026-04-12,yfinance,
DBREALTY,Real Estate,False,True,False,15.0,-2.24,0.25,-1.61,0.0,15.0,False,50.0,0.0,False,5466.0,False,False,2026-04-12,yfinance,
DCMSHRIRAM,Industrials,False,False,False,15.0,10.16,0.3,6.74,0.0,15.0,False,50.0,0.0,False,17307.0,False,False,2026-04-12,yfinance,
DEEPAKFERT,Basic Materials,False,False,False,15.0,16.19,0.62,3.84,0.0,15.0,False,50.0,0.0,False,13759.0,False,False,2026-04-12,yfinance,
DEEPAKNTR,Basic Materials,False,False,False,15.0,13.37,0.22,33.03,0.0,15.0,False,50.0,0.0,False,19937.0,False,False,2026-04-12,yfinance,
DELHIVERY,Industrials,False,True,True,15.0,-1.46,0.17,-1.24,0.0,15.0,False,50.0,0.0,False,35211.0,False,False,2026-04-12,yfinance,
DEVYANI,Consumer Cyclical,False,False,False,15.0,6.28,1.71,1.0,0.0,15.0,False,50.0,0.0,False,13384.0,False,False,2026-04-12,yfinance,
DIVISLAB,Healthcare,False,False,False,15.0,16.61,0.01,1285.5,0.0,15.0,False,50.0,0.0,False,162374.0,False,False,2026-04-12,yfinance,
DIXON,Technology,False,False,False,15.0,30.39,0.3,8.79,0.0,15.0,False,50.0,0.0,False,64815.0,False,False,2026-04-12,yfinance,
DLF,Real Estate,False,False,False,15.0,4.48,0.04,5.64,0.0,15.0,False,50.0,0.0,False,140994.0,False,False,2026-04-12,yfinance,
DMART,Consumer Defensive,False,False,False,15.0,16.4,0.07,52.44,0.0,15.0,False,50.0,0.0,False,287320.0,False,False,2026-04-12,yfinance,
DOMS,Industrials,False,False,False,15.0,22.14,0.14,19.65,0.0,15.0,False,50.0,0.0,False,14620.0,False,False,2026-04-12,yfinance,
DRREDDY,Healthcare,False,False,False,16.1,19.86,0.18,25.46,0.0,15.0,False,50.0,0.0,False,102592.0,False,False,2026-04-12,yfinance,
ECLERX,Technology,False,False,False,15.0,25.82,0.15,20.02,0.0,15.0,False,50.0,0.0,False,13965.0,False,False,2026-04-12,yfinance,
EICHERMOT,Consumer Cyclical,False,False,False,15.0,17.48,0.02,73.67,0.0,15.0,False,50.0,0.0,False,203651.0,False,False,2026-04-12,yfinance,
EIDPARRY,Basic Materials,False,False,False,15.0,15.82,0.18,6.56,0.0,15.0,False,50.0,0.0,False,15210.0,False,False,2026-04-12,yfinance,
EIHOTEL,Consumer Cyclical,False,False,False,15.0,18.68,0.05,49.21,0.0,15.0,False,50.0,0.0,False,19524.0,False,False,2026-04-12,yfinance,
ELECON,Industrials,False,False,False,15.0,22.16,0.11,44.6,0.0,15.0,False,50.0,0.0,False,9414.0,False,False,2026-04-12,yfinance,
ELGIEQUIP,Industrials,False,False,False,15.0,23.44,0.26,15.06,0.0,15.0,False,50.0,0.0,False,16194.0,False,False,2026-04-12,yfinance,
EMAMILTD,Consumer Defensive,False,False,False,15.0,30.76,0.02,90.73,0.0,15.0,False,50.0,0.0,False,18516.0,False,False,2026-04-12,yfinance,
EMCURE,Healthcare,False,False,False,15.0,19.49,0.34,7.75,0.0,15.0,False,50.0,0.0,False,30344.0,False,False,2026-04-12,yfinance,
EMMVEE,Technology,False,False,False,15.0,23.02,2.15,5.89,0.0,15.0,False,50.0,0.0,False,16043.0,False,False,2026-04-12,yfinance,
ENDURANCE,Consumer Cyclical,False,False,False,15.0,15.86,0.2,22.24,0.0,15.0,False,50.0,0.0,False,34223.0,False,False,2026-04-12,yfinance,
ENGINERSIN,Industrials,False,False,False,15.0,17.82,0.01,180.94,0.0,15.0,True,50.0,0.0,False,12023.0,False,False,2026-04-12,yfinance,
ENRIN,Utilities,False,False,False,15.0,27.44,0.03,50.46,0.0,15.0,False,50.0,0.0,False,100222.0,False,False,2026-04-12,yfinance,
ERIS,Healthcare,False,False,False,15.0,12.44,0.68,3.04,0.0,15.0,False,50.0,0.0,False,19000.0,False,False,2026-04-12,yfinance,
ESCORTS,Industrials,False,False,False,15.0,8.74,0.01,33.71,0.0,15.0,False,50.0,0.0,False,35153.0,False,False,2026-04-12,yfinance,
ETERNAL,Consumer Cyclical,False,False,True,15.0,0.03,0.11,0.07,0.0,15.0,False,50.0,0.0,False,220865.0,False,False,2026-04-12,yfinance,
EXIDEIND,Consumer Cyclical,False,False,False,15.0,8.06,0.11,8.21,0.0,15.0,False,50.0,0.0,False,27590.0,False,False,2026-04-12,yfinance,
FACT,Basic Materials,False,False,False,15.0,4.06,2.79,0.26,0.0,15.0,True,50.0,0.0,False,55493.0,False,False,2026-04-12,yfinance,
FEDERALBNK,Financial Services,True,False,False,15.0,15.0,0.5,3.0,0.0,15.0,False,50.0,0.0,False,71865.0,False,False,2026-04-12,yfinance,
FINCABLES,Industrials,False,False,False,15.0,8.12,0.0,288.23,0.0,15.0,False,50.0,0.0,False,12965.0,False,False,2026-04-12,yfinance,
FINPIPE,Industrials,False,False,False,15.0,5.81,0.0,18.64,0.0,15.0,True,50.0,0.0,False,10186.0,False,False,2026-04-12,yfinance,
FIRSTCRY,Consumer Cyclical,False,True,False,15.0,-2.57,0.31,-1.15,0.0,15.0,False,50.0,0.0,False,11819.0,False,False,2026-04-12,yfinance,
FIVESTAR,Financial Services,True,False,False,15.0,11.84,1.23,19.48,0.0,15.0,False,50.0,0.0,False,12658.0,False,False,2026-04-12,yfinance,
FLUOROCHEM,Basic Materials,False,False,False,15.0,9.22,0.22,5.92,0.0,15.0,False,50.0,0.0,False,36762.0,False,False,2026-04-12,yfinance,
FORCEMOT,Consumer Cyclical,False,False,False,15.0,23.99,0.5,31.84,0.0,15.0,False,50.0,0.0,False,29801.0,False,False,2026-04-12,yfinance,
FORTIS,Healthcare,False,False,False,15.0,9.87,0.33,7.7,0.0,15.0,False,50.0,0.0,False,64009.0,False,False,2026-04-12,yfinance,
FSL,Technology,False,False,False,15.0,16.17,0.54,6.01,0.0,15.0,False,50.0,0.0,False,15233.0,False,False,2026-04-12,yfinance,
GABRIEL,Consumer Cyclical,False,False,False,15.0,24.65,0.08,30.32,0.0,15.0,False,50.0,0.0,False,13409.0,False,False,2026-04-12,yfinance,
GAIL,Utilities,False,False,False,15.0,10.63,0.25,15.7,0.0,15.0,False,50.0,0.0,False,101309.0,False,False,2026-04-12,yfinance,
GALLANTT,Basic Materials,False,False,False,15.0,18.41,0.21,27.87,0.0,15.0,False,50.0,0.0,False,15888.0,False,False,2026-04-12,yfinance,
GESHIP,Industrials,False,False,False,15.0,11.42,0.08,8.5,0.0,15.0,False,50.0,0.0,False,19601.0,False,False,2026-04-12,yfinance,
GICRE,Financial Services,True,False,False,10.14,15.0,0.5,129.63,0.0,15.0,False,50.0,0.0,False,69755.0,False,False,2026-04-12,yfinance,
GILLETTE,Consumer Defensive,False,False,False,15.0,52.52,0.0,65.23,0.0,15.0,False,50.0,0.0,False,25104.0,False,False,2026-04-12,yfinance,
GLAND,Healthcare,False,False,False,15.0,9.21,0.03,23.8,0.0,15.0,False,50.0,0.0,False,28699.0,False,False,2026-04-12,yfinance,
GLAXO,Healthcare,False,False,False,15.0,50.59,0.02,848.25,0.0,15.0,False,50.0,0.0,False,40556.0,False,False,2026-04-12,yfinance,
GLENMARK,Healthcare,False,True,False,15.0,18.53,0.13,9.02,0.0,15.0,False,50.0,0.0,False,61067.0,False,False,2026-04-12,yfinance,
GMDCLTD,Energy,False,False,False,15.0,7.83,0.04,259.44,0.0,15.0,False,50.0,0.0,False,19179.0,False,False,2026-04-12,yfinance,
GMRAIRPORT,Industrials,False,True,False,15.0,4.33,0.5,0.49,0.0,15.0,False,50.0,0.0,False,100574.0,False,False,2026-04-12,yfinance,
GODFRYPHLP,Consumer Defensive,False,False,False,15.0,19.3,0.03,86.78,0.0,15.0,False,50.0,0.0,False,32781.0,False,False,2026-04-12,yfinance,
GODIGIT,Financial Services,True,False,False,15.0,15.0,0.07,7.14,0.0,15.0,False,50.0,0.0,False,29559.0,False,False,2026-04-12,yfinance,
GODREJAGRO,Consumer Defensive,False,False,False,15.0,18.44,1.11,4.63,0.0,15.0,False,50.0,0.0,False,11403.0,False,False,2026-04-12,yfinance,
GODREJCP,Consumer Defensive,False,True,False,15.0,21.87,0.34,8.95,0.0,15.0,False,50.0,0.0,False,110316.0,False,False,2026-04-12,yfinance,
GODREJIND,Industrials,False,False,False,15.0,4.22,2.13,0.99,0.0,15.0,False,50.0,0.0,False,30045.0,False,False,2026-04-12,yfinance,
GODREJPROP,Real Estate,False,False,True,15.0,-0.14,0.88,-4.82,0.0,15.0,False,50.0,0.0,False,51702.0,False,False,2026-04-12,yfinance,
GPIL,Basic Materials,False,False,False,15.0,19.96,0.04,50.77,0.0,15.0,True,50.0,0.0,False,18788.0,False,False,2026-04-12,yfinance,
GRANULES,Healthcare,False,False,False,15.0,17.16,0.45,12.02,0.0,15.0,True,50.0,0.0,False,15660.0,False,False,2026-04-12,yfinance,
GRAPHITE,Industrials,False,False,False,15.0,1.76,0.05,9.97,0.0,15.0,True,50.0,0.0,False,12487.0,False,False,2026-04-12,yfinance,
GRASIM,Basic Materials,False,False,False,15.0,3.07,1.27,4.36,0.0,15.0,False,50.0,0.0,False,185996.0,False,False,2026-04-12,yfinance,
GRAVITA,Industrials,False,False,False,15.0,13.25,0.2,8.94,0.0,15.0,False,50.0,0.0,False,11351.0,False,False,2026-04-12,yfinance,
GROWW,Financial Services,True,False,False,15.0,15.0,0.05,3.0,0.0,15.0,False,50.0,0.0,False,121520.0,False,False,2026-04-12,yfinance,
GRSE,Industrials,False,False,False,15.0,18.91,0.01,40.4,0.0,15.0,False,50.0,0.0,False,29094.0,False,False,2026-04-12,yfinance,
GSPL,Utilities,False,False,False,15.0,11.65,0.01,53.83,0.0,15.0,False,50.0,0.0,False,13623.0,False,False,2026-04-12,yfinance,
GUJGASLTD,Utilities,False,False,False,15.0,14.73,1.19,43.91,0.0,15.0,False,50.0,0.0,False,22280.0,False,False,2026-04-12,yfinance,
GVT&D,Industrials,False,False,False,15.0,42.12,0.01,55.08,0.0,15.0,False,50.0,0.0,False,104134.0,False,False,2026-04-12,yfinance,
HAL,Industrials,False,False,False,15.0,13.57,0.0,971.8,0.0,15.0,False,50.0,0.0,False,275014.0,False,False,2026-04-12,yfinance,
HAPPSTMNDS,Technology,False,False,False,11.7,12.35,0.28,2.67,0.0,15.0,False,50.0,0.0,False,5691.0,False,False,2026-04-12,yfinance,
HAVELLS,Industrials,False,False,False,15.0,20.28,0.03,42.38,0.0,15.0,False,50.0,0.0,False,80400.0,False,False,2026-04-12,yfinance,
HBLENGINE,Industrials,False,False,False,15.0,22.43,0.04,47.23,0.0,15.0,False,50.0,0.0,False,20253.0,False,False,2026-04-12,yfinance,
HCLTECH,Technology,False,False,False,23.19,47.2,0.1,56.8,0.0,15.0,False,50.0,0.0,False,392644.0,False,False,2026-04-12,yfinance,
HDBFS,Financial Services,True,False,False,15.0,12.57,4.68,2.43,0.0,15.0,False,50.0,0.0,False,51796.0,False,False,2026-04-12,yfinance,
HDFCAMC,Financial Services,True,False,False,15.0,32.27,0.5,290.48,0.0,15.0,False,50.0,0.0,False,112211.0,False,False,2026-04-12,yfinance,
HDFCBANK,Financial Services,True,False,False,14.02,15.0,0.5,3.0,0.0,15.0,False,50.0,0.0,False,1247316.0,False,False,2026-04-12,yfinance,
HDFCLIFE,Financial Services,True,False,False,11.32,15.0,0.18,14.24,0.0,15.0,False,50.0,0.0,False,130332.0,False,False,2026-04-12,yfinance,
HEG,Industrials,False,False,False,15.0,4.26,0.14,6.15,0.0,15.0,True,50.0,0.0,False,10815.0,False,False,2026-04-12,yfinance,
HEROMOTOCO,Consumer Cyclical,False,False,False,15.0,24.69,0.03,73.08,0.0,15.0,False,50.0,0.0,False,109379.0,False,False,2026-04-12,yfinance,
HEXT,Technology,False,False,False,23.46,72.29,0.11,53.19,0.0,15.0,False,50.0,0.0,False,29276.0,False,False,2026-04-12,yfinance,
HFCL,Technology,False,False,False,15.0,7.41,0.41,2.97,0.0,15.0,True,50.0,0.0,False,12915.0,False,False,2026-04-12,yfinance,
HINDALCO,Basic Materials,False,False,False,15.0,12.71,0.58,7.65,0.0,15.0,False,50.0,0.0,False,221821.0,False,False,2026-04-12,yfinance,
HINDCOPPER,Basic Materials,False,False,False,15.0,20.95,0.05,301.05,0.0,15.0,False,50.0,0.0,False,51277.0,False,False,2026-04-12,yfinance,
HINDPETRO,Energy,False,False,False,15.0,9.94,1.11,3.07,0.0,15.0,False,50.0,0.0,False,76729.0,False,False,2026-04-12,yfinance,
HINDUNILVR,Consumer Defensive,False,False,False,15.0,21.31,0.04,34.17,0.0,15.0,False,50.0,0.0,False,506481.0,False,False,2026-04-12,yfinance,
HINDZINC,Basic Materials,False,False,False,15.0,60.08,0.88,14.28,0.0,15.0,False,50.0,0.0,False,238561.0,False,False,2026-04-12,yfinance,
HOMEFIRST,Financial Services,True,False,False,15.0,2.93,2.4,11.46,0.0,15.0,False,50.0,0.0,False,11359.0,False,False,2026-04-12,yfinance,
HONASA,Consumer Defensive,False,False,False,15.0,1.95,0.11,2.13,0.0,15.0,False,50.0,0.0,False,11224.0,False,False,2026-04-12,yfinance,
HONAUT,Industrials,False,False,False,15.0,13.69,0.02,84.73,0.0,15.0,False,50.0,0.0,False,25290.0,False,False,2026-04-12,yfinance,
HSCL,Basic Materials,False,False,False,15.0,19.54,0.21,19.39,0.0,15.0,False,50.0,0.0,False,23925.0,False,False,2026-04-12,yfinance,
HUDCO,Financial Services,True,False,False,15.0,15.0,7.06,3.0,0.0,15.0,False,50.0,0.0,False,36827.0,False,False,2026-04-12,yfinance,
HYUNDAI,Consumer Cyclical,False,False,False,15.0,36.38,0.05,53.87,0.0,15.0,False,50.0,0.0,False,145965.0,False,False,2026-04-12,yfinance,
ICICIAMC,Financial Services,True,False,False,15.0,83.56,0.04,175.46,0.0,15.0,False,50.0,0.0,False,167331.0,False,False,2026-04-12,yfinance,
ICICIBANK,Financial Services,True,False,False,16.8,15.0,0.5,3.0,0.0,15.0,False,50.0,0.0,False,946639.0,False,False,2026-04-12,yfinance,
ICICIGI,Financial Services,True,False,False,17.27,15.0,0.5,33.78,0.0,15.0,False,50.0,0.0,False,89043.0,False,False,2026-04-12,yfinance,
ICICIPRULI,Financial Services,True,False,False,10.91,15.0,0.19,10.13,0.0,15.0,False,50.0,0.0,False,79241.0,False,False,2026-04-12,yfinance,
IDBI,Financial Services,True,False,False,14.73,15.0,0.5,3.0,0.0,15.0,False,50.0,0.0,False,79586.0,False,False,2026-04-12,yfinance,
IDEA,Communication Services,False,True,False,15.0,-2.65,0.5,-0.16,0.0,15.0,False,50.0,0.0,False,100217.0,False,False,2026-04-12,yfinance,
IDFCFIRSTB,Financial Services,True,False,False,15.0,15.0,0.5,3.0,0.0,15.0,False,50.0,0.0,False,56952.0,False,False,2026-04-12,yfinance,
IEX,Financial Services,True,False,False,15.0,36.34,0.0,165.26,0.0,15.0,False,50.0,0.0,False,11560.0,False,False,2026-04-12,yfinance,
IFCI,Financial Services,True,False,False,15.0,15.0,0.5,3.0,0.0,15.0,False,50.0,0.0,False,15448.0,False,False,2026-04-12,yfinance,
IGIL,Basic Materials,False,False,False,43.0,44.89,0.1,71.14,0.0,15.0,False,50.0,0.0,False,14696.0,False,False,2026-04-12,yfinance,
IGL,Utilities,False,False,False,15.0,13.47,0.01,205.43,0.0,15.0,False,50.0,0.0,False,22607.0,False,False,2026-04-12,yfinance,
IIFL,Financial Services,True,False,False,15.0,15.0,4.01,3.0,0.0,15.0,False,50.0,0.0,False,19367.0,False,False,2026-04-12,yfinance,
IKS,Healthcare,False,False,False,15.0,26.03,0.34,7.41,0.0,15.0,False,50.0,0.0,False,25792.0,False,False,2026-04-12,yfinance,
INDGN,Healthcare,False,False,False,15.0,16.44,0.04,20.64,0.0,15.0,False,50.0,0.0,False,11782.0,False,False,2026-04-12,yfinance,
INDHOTEL,Consumer Cyclical,False,False,False,15.0,14.33,0.25,10.83,0.0,15.0,False,50.0,0.0,False,91313.0,False,False,2026-04-12,yfinance,
INDIACEM,Basic Materials,False,True,False,15.0,-4.66,0.13,-2.23,0.0,15.0,True,50.0,0.0,False,17938.0,False,False,2026-04-12,yfinance,
INDIAMART,Communication Services,False,False,False,15.0,16.9,0.01,66.46,0.0,15.0,False,50.0,0.0,False,12615.0,False,False,2026-04-12,yfinance,
INDIANB,Financial Services,True,False,False,15.75,15.0,0.5,3.0,0.0,15.0,False,50.0,0.0,False,130352.0,False,False,2026-04-12,yfinance,
INDIGO,Industrials,False,False,False,15.0,13.59,8.66,2.18,0.0,15.0,False,50.0,0.0,False,176087.0,False,False,2026-04-12,yfinance,
INDUSINDBK,Financial Services,True,False,False,15.0,15.0,0.5,3.0,0.0,15.0,False,50.0,0.0,False,64736.0,False,False,2026-04-12,yfinance,
INDUSTOWER,Communication Services,False,False,False,20.31,27.05,0.55,7.9,0.0,15.0,False,50.0,0.0,False,115468.0,False,False,2026-04-12,yfinance,
INFY,Technology,False,False,False,32.68,32.86,0.11,83.2,0.0,15.0,False,50.0,0.0,False,523028.0,False,False,2026-04-12,yfinance,
INOXINDIA,Industrials,False,False,False,15.0,28.79,0.1,57.64,0.0,15.0,False,50.0,0.0,False,11846.0,False,False,2026-04-12,yfinance,
INOXWIND,Industrials,False,True,False,15.0,10.02,0.16,6.01,0.0,15.0,False,50.0,0.0,False,15023.0,False,False,2026-04-12,yfinance,
INTELLECT,Technology,False,False,False,15.0,13.59,0.03,95.15,0.0,15.0,False,50.0,0.0,False,9427.0,False,False,2026-04-12,yfinance,
IOB,Financial Services,True,False,False,15.34,15.0,0.5,3.0,0.0,15.0,False,50.0,0.0,False,66820.0,False,False,2026-04-12,yfinance,
IOC,Energy,False,False,False,15.0,7.91,0.73,2.57,0.0,15.0,True,50.0,0.0,False,201877.0,False,False,2026-04-12,yfinance,
IPCALAB,Healthcare,False,False,False,15.0,14.46,0.14,16.08,0.0,15.0,False,50.0,0.0,False,37078.0,False,False,2026-04-12,yfinance,
IRB,Industrials,False,False,False,15.0,4.33,1.02,1.28,0.0,15.0,False,50.0,0.0,False,26161.0,False,False,2026-04-12,yfinance,
IRCON,Industrials,False,False,False,15.0,5.93,0.79,2.76,0.0,15.0,False,50.0,0.0,False,12839.0,False,False,2026-04-12,yfinance,
IRCTC,Consumer Cyclical,False,False,False,15.0,37.65,0.02,89.08,0.0,15.0,False,50.0,0.0,False,43384.0,False,False,2026-04-12,yfinance,
IREDA,Financial Services,True,False,False,15.0,6.31,5.54,2.19,0.0,15.0,False,50.0,0.0,False,34756.0,False,False,2026-04-12,yfinance,
IRFC,Financial Services,True,False,False,12.9,3.22,7.45,1.81,0.0,15.0,False,50.0,0.0,False,131050.0,False,False,2026-04-12,yfinance,
ITC,Consumer Defensive,False,False,False,15.0,32.8,0.01,536.91,0.0,15.0,False,50.0,0.0,False,381209.0,False,False,2026-04-12,yfinance,
ITCHOTELS,Consumer Cyclical,False,False,False,15.0,7.53,0.01,128.26,0.0,15.0,False,50.0,0.0,False,32284.0,False,False,2026-04-12,yfinance,
ITI,Technology,False,True,True,15.0,-6.78,0.87,-0.58,0.0,15.0,False,50.0,0.0,False,28205.0,False,False,2026-04-12,yfinance,
J&KBANK,Financial Services,True,False,False,14.64,15.0,0.5,3.0,0.0,15.0,False,50.0,0.0,False,13569.0,False,False,2026-04-12,yfinance,
JAINREC,Basic Materials,False,False,False,15.0,48.17,0.95,4.79,0.0,15.0,False,50.0,0.0,False,14728.0,False,False,2026-04-12,yfinance,
JBCHEPHARM,Healthcare,False,False,False,15.0,23.47,0.01,79.94,0.0,15.0,False,50.0,0.0,False,32198.0,False,False,2026-04-12,yfinance,
JBMA,Consumer Cyclical,False,False,False,15.0,18.42,2.18,2.12,0.0,15.0,False,50.0,0.0,False,14466.0,False,False,2026-04-12,yfinance,
JINDALSAW,Basic Materials,False,False,False,15.0,20.18,0.44,5.94,0.0,15.0,False,50.0,0.0,False,13058.0,False,False,2026-04-12,yfinance,
JINDALSTEL,Basic Materials,False,False,False,15.0,9.43,0.38,4.75,0.0,15.0,True,50.0,0.0,False,124052.0,False,False,2026-04-12,yfinance,
JIOFIN,Financial Services,True,False,False,15.0,0.9,0.08,154.51,0.0,15.0,False,50.0,0.0,False,154508.0,False,False,2026-04-12,yfinance,
JKBANK,Unknown,False,False,False,15.0,15.0,0.5,3.0,0.0,15.0,False,50.0,0.0,False,10000.0,False,False,2026-04-12,placeholder,empty_info
JKCEMENT,Basic Materials,False,False,False,15.0,11.29,1.0,3.2,0.0,15.0,False,50.0,0.0,False,44194.0,False,False,2026-04-12,yfinance,
JKTYRE,Consumer Cyclical,False,False,False,15.0,13.12,0.9,2.43,0.0,15.0,False,50.0,0.0,False,12490.0,False,False,2026-04-12,yfinance,
JMFINANCIL,Financial Services,True,False,False,15.0,15.0,1.04,3.0,0.0,15.0,False,50.0,0.0,False,12819.0,False,False,2026-04-12,yfinance,
JPPOWER,Utilities,False,False,False,15.0,8.76,0.28,3.57,0.0,15.0,False,50.0,0.0,False,11788.0,False,False,2026-04-12,yfinance,
JSL,Basic Materials,False,False,False,15.0,15.53,0.38,6.63,0.0,15.0,False,50.0,0.0,False,64329.0,False,False,2026-04-12,yfinance,
JSWCEMENT,Basic Materials,False,True,False,15.0,6.62,0.75,1.28,0.0,15.0,False,50.0,0.0,False,17057.0,False,False,2026-04-12,yfinance,
JSWENERGY,Utilities,False,False,False,15.0,4.79,2.19,1.71,0.0,15.0,False,50.0,0.0,False,85848.0,False,False,2026-04-12,yfinance,
JSWINFRA,Industrials,False,False,False,15.0,11.12,0.48,5.9,0.0,15.0,False,50.0,0.0,False,55438.0,False,False,2026-04-12,yfinance,
JSWSTEEL,Basic Materials,False,False,False,15.0,7.86,1.19,1.8,0.0,15.0,False,50.0,0.0,False,296759.0,False,False,2026-04-12,yfinance,
JUBLFOOD,Consumer Cyclical,False,False,False,15.0,12.56,0.03,1.55,0.0,15.0,False,50.0,0.0,False,29267.0,False,False,2026-04-12,yfinance,
JUBLINGREA,Basic Materials,False,False,False,15.0,10.14,0.27,6.71,0.0,15.0,False,50.0,0.0,False,10246.0,False,False,2026-04-12,yfinance,
JUBLPHARMA,Healthcare,False,False,False,15.0,7.62,0.44,3.65,0.0,15.0,False,50.0,0.0,False,14118.0,False,False,2026-04-12,yfinance,
JWL,Industrials,False,False,False,15.0,18.48,0.27,8.68,0.0,15.0,False,50.0,0.0,False,11460.0,False,False,2026-04-12,yfinance,
JYOTHYLAB,Consumer Defensive,False,False,False,15.0,20.51,0.04,75.4,0.0,15.0,False,50.0,0.0,False,8272.0,False,False,2026-04-12,yfinance,
JYOTICNC,Industrials,False,False,False,15.0,25.2,0.4,12.76,0.0,15.0,False,50.0,0.0,False,18631.0,False,False,2026-04-12,yfinance,
KAJARIACER,Industrials,False,False,False,15.0,15.44,0.1,26.35,0.0,15.0,False,50.0,0.0,False,17850.0,False,False,2026-04-12,yfinance,
KALYANKJIL,Consumer Cyclical,False,False,False,15.0,19.65,1.0,3.62,0.0,15.0,False,50.0,0.0,False,46403.0,False,False,2026-04-12,yfinance,
KARURVYSYA,Financial Services,True,False,False,15.0,15.0,0.5,3.0,0.0,15.0,False,50.0,0.0,False,27230.0,False,False,2026-04-12,yfinance,
KAYNES,Technology,False,False,False,15.0,12.56,0.19,3.76,0.0,15.0,False,50.0,0.0,False,26139.0,False,False,2026-04-12,yfinance,
KEC,Industrials,False,False,False,15.0,25.96,0.94,2.37,0.0,15.0,False,50.0,0.0,False,15271.0,False,False,2026-04-12,yfinance,
KEI,Industrials,False,False,False,15.0,15.78,0.04,20.95,0.0,15.0,False,50.0,0.0,False,42628.0,False,False,2026-04-12,yfinance,
KFINTECH,Technology,True,False,False,15.0,26.59,0.03,89.66,0.0,15.0,False,50.0,0.0,False,15725.0,False,False,2026-04-12,yfinance,
KIMS,Healthcare,False,False,False,15.0,12.58,1.24,6.95,0.0,15.0,False,50.0,0.0,False,26579.0,False,False,2026-04-12,yfinance,
KIRLOSBROS,Industrials,False,False,False,15.0,22.64,0.1,38.4,0.0,15.0,False,50.0,0.0,False,12615.0,False,False,2026-04-12,yfinance,
KIRLOSENG,Industrials,False,False,False,15.0,14.91,1.66,2.37,0.0,15.0,False,50.0,0.0,False,21414.0,False,False,2026-04-12,yfinance,
KOTAKBANK,Financial Services,True,False,False,15.0,15.0,0.5,3.0,0.0,15.0,False,50.0,0.0,False,372508.0,False,False,2026-04-12,yfinance,
KPIL,Industrials,False,False,False,15.0,17.59,0.7,2.95,0.0,15.0,False,50.0,0.0,False,20208.0,False,False,2026-04-12,yfinance,
KPITTECH,Technology,False,False,False,15.0,30.62,0.16,23.91,0.0,15.0,False,50.0,0.0,False,19531.0,False,False,2026-04-12,yfinance,
KPRMILL,Consumer Cyclical,False,False,False,15.0,20.48,0.06,26.67,0.0,15.0,False,50.0,0.0,False,29866.0,False,False,2026-04-12,yfinance,
KSB,Industrials,False,False,False,17.1,17.83,0.0,105.07,0.0,15.0,False,50.0,0.0,False,15546.0,False,False,2026-04-12,yfinance,
LALPATHLAB,Healthcare,False,False,False,15.0,24.22,0.06,25.13,0.0,15.0,False,50.0,0.0,False,23455.0,False,False,2026-04-12,yfinance,
LATENTVIEW,Industrials,False,False,False,15.0,10.12,0.02,26.43,0.0,15.0,False,50.0,0.0,False,6115.0,False,False,2026-04-12,yfinance,
LAURUSLABS,Healthcare,False,False,False,15.0,10.79,0.45,3.03,0.0,15.0,False,50.0,0.0,False,59309.0,False,False,2026-04-12,yfinance,
LEMONTREE,Consumer Cyclical,False,False,False,15.0,13.32,1.1,2.44,0.0,15.0,False,50.0,0.0,False,9039.0,False,False,2026-04-12,yfinance,
LENSKART,Healthcare,False,False,False,15.0,15.0,0.44,3.0,0.0,15.0,False,50.0,0.0,False,94679.0,False,False,2026-04-12,yfinance,
LGEINDIA,Technology,False,False,False,15.0,15.0,0.07,3.0,0.0,15.0,False,50.0,0.0,False,100302.0,False,False,2026-04-12,yfinance,
LICHSGFIN,Financial Services,True,False,False,15.0,15.0,6.79,3.0,0.0,15.0,False,50.0,0.0,False,29244.0,False,False,2026-04-12,yfinance,
LICI,Financial Services,True,False,False,15.0,15.0,0.5,339.95,0.0,15.0,False,50.0,0.0,False,504956.0,False,False,2026-04-12,yfinance,
LINDEINDIA,Basic Materials,False,False,False,15.0,13.33,0.5,43.45,0.0,15.0,False,50.0,0.0,False,61319.0,False,False,2026-04-12,yfinance,
LLOYDSME,Basic Materials,False,False,False,15.0,25.63,1.0,73.06,0.0,15.0,False,50.0,0.0,False,84732.0,False,False,2026-04-12,yfinance,
LODHA,Real Estate,False,False,False,16.9,17.4,0.45,6.02,0.0,15.0,False,50.0,0.0,False,82551.0,False,False,2026-04-12,yfinance,
LT,Industrials,False,False,False,15.0,14.93,1.12,7.96,0.0,15.0,False,50.0,0.0,False,544737.0,False,False,2026-04-12,yfinance,
LTF,Financial Services,True,False,False,15.0,15.0,3.71,3.0,0.0,15.0,False,50.0,0.0,False,69767.0,False,False,2026-04-12,yfinance,
LTFOODS,Consumer Defensive,False,False,False,15.0,17.75,0.28,9.97,0.0,15.0,False,50.0,0.0,False,14259.0,False,False,2026-04-12,yfinance,
LTIM,Technology,False,False,False,20.97,22.31,0.1,19.73,0.0,15.0,False,50.0,0.0,False,133516.0,False,False,2026-04-12,yfinance,
LTM,Technology,False,False,False,20.97,22.31,0.1,19.73,0.0,15.0,False,50.0,0.0,False,133507.0,False,False,2026-04-12,yfinance,
LTTS,Technology,False,False,False,15.0,24.17,0.1,28.47,0.0,15.0,False,50.0,0.0,False,36532.0,False,False,2026-04-12,yfinance,
LUPIN,Healthcare,False,False,False,15.0,21.46,0.32,16.06,0.0,15.0,False,50.0,0.0,False,106696.0,False,False,2026-04-12,yfinance,
M&M,Consumer Cyclical,False,False,False,15.0,13.12,1.32,2.78,0.0,15.0,False,50.0,0.0,False,391330.0,False,False,2026-04-12,yfinance,
M&MFIN,Financial Services,True,False,False,15.0,15.0,4.35,3.0,0.0,15.0,False,50.0,0.0,False,41976.0,False,False,2026-04-12,yfinance,
MAHABANK,Financial Services,True,False,False,21.17,15.0,0.5,3.0,0.0,15.0,False,50.0,0.0,False,54295.0,False,False,2026-04-12,yfinance,
MAHSCOOTER,Financial Services,False,False,False,15.0,0.49,0.5,3.0,0.0,15.0,False,50.0,0.0,False,15356.0,False,False,2026-04-12,yfinance,
MAHSEAMLES,Basic Materials,False,False,False,15.0,12.13,0.0,1907.77,0.0,15.0,True,50.0,0.0,False,8350.0,False,False,2026-04-12,yfinance,
MANAPPURAM,Financial Services,True,False,False,15.0,15.0,3.02,3.0,0.0,15.0,False,50.0,0.0,False,25137.0,False,False,2026-04-12,yfinance,
MANKIND,Healthcare,False,False,False,15.0,11.39,0.54,5.98,0.0,15.0,False,50.0,0.0,False,85827.0,False,False,2026-04-12,yfinance,
MANYAVAR,Consumer Cyclical,False,False,False,15.0,20.94,0.27,8.9,0.0,15.0,False,50.0,0.0,False,9628.0,False,False,2026-04-12,yfinance,
MAPMYINDIA,Technology,False,False,False,15.0,20.19,0.01,57.13,0.0,15.0,False,50.0,0.0,False,5141.0,False,False,2026-04-12,yfinance,
MARICO,Consumer Defensive,False,False,False,15.0,33.42,0.14,56.11,0.0,15.0,False,50.0,0.0,False,98866.0,False,False,2026-04-12,yfinance,
MARUTI,Consumer Cyclical,False,False,False,15.0,14.3,0.0,74.66,0.0,15.0,False,50.0,0.0,False,431014.0,False,False,2026-04-12,yfinance,
MAXHEALTH,Healthcare,False,False,False,15.0,11.76,0.33,10.6,0.0,15.0,False,50.0,0.0,False,92779.0,False,False,2026-04-12,yfinance,
MAZDOCK,Industrials,False,False,False,15.0,28.04,0.0,259.46,0.0,15.0,False,50.0,0.0,False,99643.0,False,False,2026-04-12,yfinance,
MCX,Financial Services,True,False,False,15.0,21.03,0.0,1356.4,0.0,15.0,False,50.0,0.0,False,67940.0,False,False,2026-04-12,yfinance,
MEDANTA,Healthcare,False,False,False,15.0,17.76,0.25,11.51,0.0,15.0,False,50.0,0.0,False,28647.0,False,False,2026-04-12,yfinance,
MEESHO,Consumer Cyclical,False,True,True,15.0,-86.95,0.09,-190.3,0.0,15.0,False,50.0,0.0,False,74663.0,False,False,2026-04-12,yfinance,
METROPOLIS,Healthcare,False,False,False,15.0,13.09,0.14,11.09,0.0,15.0,False,50.0,0.0,False,9705.0,False,False,2026-04-12,yfinance,
MFSL,Financial Services,True,False,False,15.0,15.0,0.13,14.55,0.0,15.0,False,50.0,0.0,False,57145.0,False,False,2026-04-12,yfinance,
MGL,Utilities,False,False,False,15.0,19.13,0.04,87.03,0.0,15.0,False,50.0,0.0,False,10626.0,False,False,2026-04-12,yfinance,
MINDACORP,Consumer Cyclical,False,False,False,15.0,13.27,0.63,6.05,0.0,15.0,False,50.0,0.0,False,12106.0,False,False,2026-04-12,yfinance,
MM,Unknown,False,False,False,15.0,15.0,0.5,3.0,0.0,15.0,False,50.0,0.0,False,10000.0,False,False,2026-04-12,placeholder,empty_info
MMFIN,Unknown,False,False,False,15.0,15.0,0.5,3.0,0.0,15.0,False,50.0,0.0,False,10000.0,False,False,2026-04-12,placeholder,empty_info
MMTC,Industrials,False,False,True,15.0,-8.24,0.02,-26.48,0.0,15.0,True,50.0,0.0,False,8895.0,False,False,2026-04-12,yfinance,
MOTHERSON,Consumer Cyclical,False,False,False,15.0,11.47,0.5,3.66,0.0,15.0,False,50.0,0.0,False,128650.0,False,False,2026-04-12,yfinance,
MOTILALOFS,Financial Services,True,False,False,15.0,15.32,1.21,2.03,0.0,15.0,False,50.0,0.0,False,46914.0,False,False,2026-04-12,yfinance,
MPHASIS,Technology,False,False,False,18.7,20.76,0.24,13.12,0.0,15.0,False,50.0,0.0,False,44362.0,False,False,2026-04-12,yfinance,
MRF,Consumer Cyclical,False,False,False,15.0,12.23,0.19,7.12,0.0,15.0,False,50.0,0.0,False,57979.0,False,False,2026-04-12,yfinance,
MRPL,Energy,False,False,False,15.0,5.56,0.81,1.28,0.0,15.0,False,50.0,0.0,False,30638.0,False,False,2026-04-12,yfinance,
MSUMI,Consumer Cyclical,False,False,False,15.0,41.63,0.14,32.93,0.0,15.0,False,50.0,0.0,False,26082.0,False,False,2026-04-12,yfinance,
MUTHOOTFIN,Financial Services,True,False,False,26.69,15.0,3.85,3.0,0.0,15.0,False,50.0,0.0,False,143562.0,False,False,2026-04-12,yfinance,
NAM-INDIA,Financial Services,True,False,False,15.0,31.42,0.02,209.31,0.0,15.0,False,50.0,0.0,False,60956.0,False,False,2026-04-12,yfinance,
NATCOPHARM,Healthcare,False,False,False,15.0,25.77,0.03,116.54,0.0,15.0,False,50.0,0.0,False,19777.0,False,False,2026-04-12,yfinance,
NATIONALUM,Basic Materials,False,False,False,15.0,35.49,0.0,162.57,0.0,15.0,False,50.0,0.0,False,76673.0,False,False,2026-04-12,yfinance,
NAUKRI,Communication Services,False,False,False,15.0,2.15,0.01,36.44,0.0,15.0,False,50.0,0.0,False,64161.0,False,False,2026-04-12,yfinance,
NAVA,Industrials,False,False,False,15.0,13.99,0.16,69.24,0.0,15.0,False,50.0,0.0,False,17035.0,False,False,2026-04-12,yfinance,
NAVINFLUOR,Basic Materials,False,False,False,15.0,10.58,0.33,5.32,0.0,15.0,False,50.0,0.0,False,31726.0,False,False,2026-04-12,yfinance,
NBCC,Industrials,False,False,False,15.0,29.24,0.0,5.03,0.0,15.0,False,50.0,0.0,False,24079.0,False,False,2026-04-12,yfinance,
NCC,Industrials,False,False,False,15.0,21.66,0.38,3.88,0.0,15.0,False,50.0,0.0,False,9610.0,False,False,2026-04-12,yfinance,
NESTLEIND,Consumer Defensive,False,False,False,15.0,56.84,0.11,31.38,0.0,15.0,False,50.0,0.0,False,240904.0,False,False,2026-04-12,yfinance,
NETWEB,Technology,False,False,False,15.0,27.59,0.03,53.71,0.0,15.0,False,50.0,0.0,False,19053.0,False,False,2026-04-12,yfinance,
NEULANDLAB,Healthcare,False,False,False,15.0,15.55,0.16,46.05,0.0,15.0,False,50.0,0.0,False,19201.0,False,False,2026-04-12,yfinance,
NEWGEN,Technology,False,False,False,15.0,21.31,0.03,73.67,0.0,15.0,False,50.0,0.0,False,6307.0,False,False,2026-04-12,yfinance,
NH,Healthcare,False,False,False,15.0,16.44,0.58,6.82,0.0,15.0,False,50.0,0.0,False,35642.0,False,False,2026-04-12,yfinance,
NHPC,Utilities,False,False,False,15.0,4.91,1.0,1.37,0.0,15.0,False,50.0,0.0,False,77437.0,False,False,2026-04-12,yfinance,
NIACL,Financial Services,True,False,False,15.0,15.0,0.5,11.2,0.0,15.0,False,50.0,0.0,False,25661.0,False,False,2026-04-12,yfinance,
NIVABUPA,Financial Services,True,False,False,7.96,15.0,0.07,4.35,0.0,15.0,False,50.0,0.0,False,13608.0,False,False,2026-04-12,yfinance,
NLCINDIA,Utilities,False,False,False,15.0,6.27,0.82,3.43,0.0,15.0,False,50.0,0.0,False,37051.0,False,False,2026-04-12,yfinance,
NMDC,Basic Materials,False,False,False,15.0,24.67,0.11,43.51,0.0,15.0,False,50.0,0.0,False,74792.0,False,False,2026-04-12,yfinance,
NSLNISP,Basic Materials,False,True,False,15.0,-14.57,0.41,-4.15,0.0,15.0,False,50.0,0.0,False,12305.0,False,False,2026-04-12,yfinance,
NTPC,Utilities,False,False,False,15.0,8.64,1.18,2.89,0.0,15.0,False,50.0,0.0,False,368619.0,False,False,2026-04-12,yfinance,
NTPCGREEN,Utilities,False,False,False,15.0,2.83,1.16,1.52,0.0,15.0,False,50.0,0.0,False,81879.0,False,False,2026-04-12,yfinance,
NUVAMA,Financial Services,True,False,False,15.0,1.75,2.38,0.16,0.0,15.0,False,50.0,0.0,False,23794.0,False,False,2026-04-12,yfinance,
NUVOCO,Basic Materials,False,False,False,15.0,3.9,0.63,1.02,0.0,15.0,False,50.0,0.0,False,11142.0,False,False,2026-04-12,yfinance,
NYKAA,Consumer Cyclical,False,False,False,15.0,11.65,0.98,2.02,0.0,15.0,False,50.0,0.0,False,74329.0,False,False,2026-04-12,yfinance,
OBEROIRLTY,Real Estate,False,False,False,15.0,15.67,0.18,11.7,0.0,15.0,False,50.0,0.0,False,60792.0,False,False,2026-04-12,yfinance,
OFSS,Technology,False,False,False,33.51,33.49,0.0,1504.25,0.0,15.0,False,50.0,0.0,False,63134.0,False,False,2026-04-12,yfinance,
OIL,Energy,False,False,False,15.0,12.42,0.58,11.46,0.0,15.0,False,50.0,0.0,False,76689.0,False,False,2026-04-12,yfinance,
OLAELEC,Consumer Cyclical,False,True,True,15.0,-29.69,0.72,-6.1,0.0,15.0,False,50.0,0.0,False,17161.0,False,False,2026-04-12,yfinance,
OLECTRA,Industrials,False,False,False,15.0,17.9,0.33,4.37,0.0,15.0,False,50.0,0.0,False,9720.0,False,False,2026-04-12,yfinance,
ONESOURCE,Healthcare,False,True,False,15.0,2.96,0.22,1.24,0.0,15.0,False,50.0,0.0,False,16496.0,False,False,2026-04-12,yfinance,
ONGC,Energy,False,False,False,15.0,10.75,0.44,5.37,0.0,15.0,False,50.0,0.0,False,360425.0,False,False,2026-04-12,yfinance,
PAGEIND,Consumer Cyclical,False,False,False,15.0,59.46,0.19,20.93,0.0,15.0,False,50.0,0.0,False,40240.0,False,False,2026-04-12,yfinance,
PARADEEP,Basic Materials,False,False,False,15.0,21.74,0.87,3.77,0.0,15.0,False,50.0,0.0,False,12578.0,False,False,2026-04-12,yfinance,
PATANJALI,Consumer Defensive,False,False,False,15.0,15.14,0.24,24.45,0.0,15.0,False,50.0,0.0,False,50916.0,False,False,2026-04-12,yfinance,
PAYTM,Technology,True,True,False,15.0,-11.81,0.01,-109.94,0.0,15.0,False,50.0,0.0,False,71950.0,False,False,2026-04-12,yfinance,
PCBL,Basic Materials,False,False,False,15.0,12.01,1.35,2.08,0.0,15.0,False,50.0,0.0,False,10748.0,False,False,2026-04-12,yfinance,
PERSISTENT,Technology,False,False,False,24.97,24.35,0.06,23.95,0.0,15.0,False,50.0,0.0,False,84861.0,False,False,2026-04-12,yfinance,
PETRONET,Energy,False,False,False,15.0,21.35,0.12,19.96,0.0,15.0,True,50.0,0.0,False,40611.0,False,False,2026-04-12,yfinance,
PFC,Financial Services,True,False,False,15.0,15.0,6.03,3.0,0.0,15.0,False,50.0,0.0,False,143521.0,False,False,2026-04-12,yfinance,
PFIZER,Healthcare,False,False,False,15.0,15.69,0.02,81.01,0.0,15.0,False,50.0,0.0,False,22273.0,False,False,2026-04-12,yfinance,
PGEL,Technology,False,False,False,15.0,12.81,0.2,10.76,0.0,15.0,False,50.0,0.0,False,13852.0,False,False,2026-04-12,yfinance,
PGHH,Consumer Defensive,False,False,False,15.0,108.08,0.0,35.14,0.0,15.0,False,50.0,0.0,False,31773.0,False,False,2026-04-12,yfinance,
PHOENIXLTD,Real Estate,False,False,False,15.0,9.71,0.34,4.61,0.0,15.0,False,50.0,0.0,False,63069.0,False,False,2026-04-12,yfinance,
PIDILITIND,Basic Materials,False,False,False,15.0,24.94,0.05,53.12,0.0,15.0,False,50.0,0.0,False,138121.0,False,False,2026-04-12,yfinance,
PIIND,Basic Materials,False,False,False,15.0,18.09,0.02,57.84,0.0,15.0,False,50.0,0.0,False,44784.0,False,False,2026-04-12,yfinance,
PINELABS,Technology,True,True,False,15.0,-10.06,0.23,-5.08,0.0,15.0,False,50.0,0.0,False,20389.0,False,False,2026-04-12,yfinance,
PIRAMALFIN,Financial Services,True,True,False,15.0,179.62,2.61,14.26,0.0,15.0,False,50.0,0.0,False,39492.0,False,False,2026-04-12,yfinance,
PNB,Financial Services,True,False,False,12.71,15.0,0.5,3.0,0.0,15.0,False,50.0,0.0,False,128512.0,False,False,2026-04-12,yfinance,
PNBHOUSING,Financial Services,True,False,False,15.0,15.0,2.62,3.0,0.0,15.0,False,50.0,0.0,False,22531.0,False,False,2026-04-12,yfinance,
POLICYBZR,Financial Services,True,False,False,15.0,-0.22,0.05,-0.45,0.0,15.0,False,50.0,0.0,False,69933.0,False,False,2026-04-12,yfinance,
POLYCAB,Industrials,False,False,False,25.96,26.02,0.02,19.08,0.0,15.0,False,50.0,0.0,False,116467.0,False,False,2026-04-12,yfinance,
POLYMED,Healthcare,False,False,False,15.0,13.47,0.08,33.2,0.0,15.0,False,50.0,0.0,False,14839.0,False,False,2026-04-12,yfinance,
POONAWALLA,Financial Services,True,True,True,15.0,6.03,3.64,75.19,0.0,15.0,False,50.0,0.0,False,32340.0,False,False,2026-04-12,yfinance,
POWERGRID,Utilities,False,False,False,15.0,11.6,1.41,2.87,0.0,15.0,False,50.0,0.0,False,281576.0,False,False,2026-04-12,yfinance,
POWERINDIA,Industrials,False,False,False,15.0,11.97,0.02,11.36,0.0,15.0,False,50.0,0.0,False,126791.0,False,False,2026-04-12,yfinance,
PPLPHARMA,Healthcare,False,False,False,15.0,5.7,0.6,1.62,0.0,15.0,False,50.0,0.0,False,19329.0,False,False,2026-04-12,yfinance,
PRAJIND,Industrials,False,False,False,15.0,16.47,0.16,13.61,0.0,15.0,True,50.0,0.0,False,6216.0,False,False,2026-04-12,yfinance,
PREMIERENE,Technology,False,False,False,15.0,32.91,0.47,11.95,0.0,15.0,False,50.0,0.0,False,43797.0,False,False,2026-04-12,yfinance,
PRESTIGE,Real Estate,False,False,False,6.32,7.58,0.89,1.42,0.0,15.0,True,50.0,0.0,False,56960.0,False,False,2026-04-12,yfinance,
PTCIL,Industrials,False,False,False,15.0,3.81,0.13,8.31,0.0,15.0,False,50.0,0.0,False,23099.0,False,False,2026-04-12,yfinance,
PVRINOX,Communication Services,False,True,False,15.0,1.91,1.05,0.33,0.0,15.0,False,50.0,0.0,False,9316.0,False,False,2026-04-12,yfinance,
PWL,Consumer Defensive,False,True,False,15.0,-6.14,0.67,-2.23,0.0,15.0,False,50.0,0.0,False,29112.0,False,False,2026-04-12,yfinance,
RADICO,Consumer Defensive,False,False,False,15.0,17.13,0.21,7.26,0.0,15.0,False,50.0,0.0,False,37419.0,False,False,2026-04-12,yfinance,
RAILTEL,Communication Services,False,False,False,15.0,15.81,0.03,297.58,0.0,15.0,False,50.0,0.0,False,9208.0,False,False,2026-04-12,yfinance,
RAINBOW,Healthcare,False,False,False,15.0,15.99,0.53,4.91,0.0,15.0,False,50.0,0.0,False,12713.0,False,False,2026-04-12,yfinance,
RAMCOCEM,Basic Materials,False,False,False,15.0,4.49,0.62,1.57,0.0,15.0,False,50.0,0.0,False,23421.0,False,False,2026-04-12,yfinance,
RBLBANK,Financial Services,True,False,False,15.0,15.0,0.5,3.0,0.0,15.0,False,50.0,0.0,False,19920.0,False,False,2026-04-12,yfinance,
RCF,Basic Materials,False,False,False,15.0,7.33,0.56,2.01,0.0,15.0,False,50.0,0.0,False,7073.0,False,False,2026-04-12,yfinance,
RECLTD,Financial Services,True,False,False,21.47,15.0,6.66,3.0,0.0,15.0,False,50.0,0.0,False,92123.0,False,False,2026-04-12,yfinance,
REDINGTON,Technology,False,False,False,15.0,21.44,0.28,6.44,0.0,15.0,False,50.0,0.0,False,17291.0,False,False,2026-04-12,yfinance,
RELIANCE,Energy,False,False,False,15.0,7.52,0.36,5.08,0.0,15.0,False,50.0,0.0,False,1827154.0,False,False,2026-04-12,yfinance,
RHIM,Industrials,False,True,False,15.0,7.16,0.1,7.38,0.0,15.0,False,50.0,0.0,False,7997.0,False,False,2026-04-12,yfinance,
RITES,Industrials,False,False,False,15.0,14.93,0.0,119.53,0.0,15.0,True,50.0,0.0,False,9956.0,False,False,2026-04-12,yfinance,
RKFORGE,Industrials,False,False,False,15.0,5.95,0.89,2.4,0.0,15.0,False,50.0,0.0,False,9872.0,False,False,2026-04-12,yfinance,
RPOWER,Utilities,False,True,False,15.0,3.4,0.92,0.63,0.0,15.0,False,50.0,0.0,False,10426.0,False,False,2026-04-12,yfinance,
RRKABEL,Industrials,False,False,False,15.0,18.69,0.17,7.78,0.0,15.0,False,50.0,0.0,False,15796.0,False,False,2026-04-12,yfinance,
RVNL,Industrials,False,False,False,15.0,7.38,0.52,2.03,0.0,15.0,False,50.0,0.0,False,57354.0,False,False,2026-04-12,yfinance,
SAGILITY,Healthcare,False,False,False,15.0,8.43,0.14,6.61,0.0,15.0,False,50.0,0.0,False,19713.0,False,False,2026-04-12,yfinance,
SAIL,Basic Materials,False,False,False,15.0,5.99,0.58,1.96,0.0,15.0,False,50.0,0.0,False,68575.0,False,False,2026-04-12,yfinance,
SAILIFE,Healthcare,False,False,False,15.0,11.25,0.18,3.59,0.0,15.0,False,50.0,0.0,False,21157.0,False,False,2026-04-12,yfinance,
SAMMAANCAP,Financial Services,True,True,False,15.0,15.0,2.04,-0.22,0.0,15.0,False,50.0,0.0,False,17856.0,False,False,2026-04-12,yfinance,
SAPPHIRE,Consumer Cyclical,False,False,False,15.0,4.5,0.99,1.05,0.0,15.0,False,50.0,0.0,False,5471.0,False,False,2026-04-12,yfinance,
SARDAEN,Basic Materials,False,False,False,15.0,10.5,0.38,4.66,0.0,15.0,False,50.0,0.0,False,19543.0,False,False,2026-04-12,yfinance,
SAREGAMA,Communication Services,False,False,False,15.0,13.17,0.0,40.79,0.0,15.0,False,50.0,0.0,False,6330.0,False,False,2026-04-12,yfinance,
SBFC,Financial Services,True,False,False,15.0,8.25,1.8,7.96,0.0,15.0,False,50.0,0.0,False,10248.0,False,False,2026-04-12,yfinance,
SBICARD,Financial Services,True,False,False,15.0,15.0,3.33,3.0,0.0,15.0,False,50.0,0.0,False,64471.0,False,False,2026-04-12,yfinance,
SBILIFE,Financial Services,True,False,False,13.92,15.0,0.5,219.07,0.0,15.0,False,50.0,0.0,False,192915.0,False,False,2026-04-12,yfinance,
SBIN,Financial Services,True,False,False,15.0,15.0,0.5,3.0,0.0,15.0,False,50.0,0.0,False,984630.0,False,False,2026-04-12,yfinance,
SCHAEFFLER,Consumer Cyclical,False,False,False,20.21,23.3,0.01,360.15,0.0,15.0,False,50.0,0.0,False,61044.0,False,False,2026-04-12,yfinance,
SCHNEIDER,Industrials,False,False,False,15.0,31.72,0.8,7.25,0.0,15.0,False,50.0,0.0,False,24152.0,False,False,2026-04-12,yfinance,
SCI,Industrials,False,False,False,15.0,8.93,0.33,5.38,0.0,15.0,False,50.0,0.0,False,11332.0,False,False,2026-04-12,yfinance,
SHREECEM,Basic Materials,False,False,False,15.0,3.98,0.38,4.5,0.0,15.0,False,50.0,0.0,False,87821.0,False,False,2026-04-12,yfinance,
SHRIRAMFIN,Financial Services,True,False,False,15.0,15.0,2.79,3.0,0.0,15.0,False,50.0,0.0,False,241750.0,False,False,2026-04-12,yfinance,
SHYAMMETL,Basic Materials,False,False,False,15.0,9.94,0.09,13.27,0.0,15.0,False,50.0,0.0,False,23338.0,False,False,2026-04-12,yfinance,
SIEMENS,Industrials,False,False,False,11.81,12.37,0.5,114.35,0.0,15.0,False,50.0,0.0,False,120671.0,False,False,2026-04-12,yfinance,
SIGNATURE,Real Estate,False,False,True,15.0,1.32,3.56,0.79,0.0,15.0,False,50.0,0.0,False,11543.0,False,False,2026-04-12,yfinance,
SJVN,Utilities,False,False,False,15.0,3.85,2.03,2.59,0.0,15.0,False,50.0,0.0,False,28353.0,False,False,2026-04-12,yfinance,
SOBHA,Real Estate,False,False,False,15.0,4.06,0.23,1.2,0.0,15.0,False,50.0,0.0,False,13905.0,False,False,2026-04-12,yfinance,
SOLARINDS,Basic Materials,False,False,False,15.0,28.91,0.16,15.25,0.0,15.0,False,50.0,0.0,False,127347.0,False,False,2026-04-12,yfinance,
SONACOMS,Consumer Cyclical,False,False,False,15.0,11.9,0.04,28.39,0.0,15.0,False,50.0,0.0,False,34466.0,False,False,2026-04-12,yfinance,
SONATSOFTW,Technology,False,False,False,15.0,27.55,0.42,9.14,0.0,15.0,False,50.0,0.0,False,6834.0,False,False,2026-04-12,yfinance,
SPLPETRO,Basic Materials,False,False,False,15.0,19.96,0.07,38.38,0.0,15.0,False,50.0,0.0,False,14018.0,False,False,2026-04-12,yfinance,
SRF,Industrials,False,False,False,15.0,12.87,0.35,5.98,0.0,15.0,False,50.0,0.0,False,73318.0,False,False,2026-04-12,yfinance,
STARHEALTH,Financial Services,True,False,False,15.0,15.0,0.06,14.16,0.0,15.0,False,50.0,0.0,False,27625.0,False,False,2026-04-12,yfinance,
SUMICHEM,Basic Materials,False,False,False,15.0,18.92,0.02,120.64,0.0,15.0,False,50.0,0.0,False,20894.0,False,False,2026-04-12,yfinance,
SUNDARMFIN,Financial Services,True,False,False,15.0,15.0,3.77,3.0,0.0,15.0,False,50.0,0.0,False,54363.0,False,False,2026-04-12,yfinance,
SUNDRMFAST,Consumer Cyclical,False,False,False,15.0,17.57,0.18,21.82,0.0,15.0,False,50.0,0.0,False,16868.0,False,False,2026-04-12,yfinance,
SUNPHARMA,Healthcare,False,False,False,15.0,17.02,0.07,54.38,0.0,15.0,False,50.0,0.0,False,397066.0,False,False,2026-04-12,yfinance,
SUNTV,Communication Services,False,False,False,15.0,14.05,0.01,123.3,0.0,15.0,False,50.0,0.0,False,23570.0,False,False,2026-04-12,yfinance,
SUPREMEIND,Industrials,False,False,False,15.0,18.64,0.06,175.39,0.0,15.0,False,50.0,0.0,False,48322.0,False,False,2026-04-12,yfinance,
SUZLON,Industrials,False,False,False,15.0,22.97,0.05,15.31,0.0,15.0,False,50.0,0.0,False,62156.0,False,False,2026-04-12,yfinance,
SWANCORP,Industrials,False,False,False,15.0,-2.87,0.28,-1.85,0.0,15.0,False,50.0,0.0,False,10189.0,False,False,2026-04-12,yfinance,
SWIGGY,Consumer Cyclical,False,True,True,15.0,-29.21,0.25,-33.73,0.0,15.0,False,50.0,0.0,False,71403.0,False,False,2026-04-12,yfinance,
SYNGENE,Healthcare,False,False,False,15.0,11.36,0.12,12.47,0.0,15.0,False,50.0,0.0,False,16257.0,False,False,2026-04-12,yfinance,
SYRMA,Technology,False,False,False,15.0,12.5,0.11,4.6,0.0,15.0,False,50.0,0.0,False,16738.0,False,False,2026-04-12,yfinance,
TARIL,Industrials,False,False,False,15.0,22.19,0.27,9.04,0.0,15.0,False,50.0,0.0,False,8448.0,False,False,2026-04-12,yfinance,
TATACAP,Financial Services,True,False,False,15.0,15.0,5.68,3.0,0.0,15.0,False,50.0,0.0,False,137717.0,False,False,2026-04-12,yfinance,
TATACHEM,Basic Materials,False,False,False,15.0,2.63,0.32,1.76,0.0,15.0,True,50.0,0.0,False,17576.0,False,False,2026-04-12,yfinance,
TATACOMM,Communication Services,False,False,False,15.0,14.88,4.68,2.87,0.0,15.0,False,50.0,0.0,False,43006.0,False,False,2026-04-12,yfinance,
TATACONSUM,Consumer Defensive,False,False,False,15.0,7.2,0.12,6.48,0.0,15.0,False,50.0,0.0,False,108243.0,False,False,2026-04-12,yfinance,
TATAELXSI,Technology,False,False,False,15.0,29.47,0.06,47.45,0.0,15.0,False,50.0,0.0,False,27693.0,False,False,2026-04-12,yfinance,
TATAINVEST,Financial Services,True,False,False,15.0,15.0,0.5,3.0,0.0,15.0,False,50.0,0.0,False,33679.0,False,False,2026-04-12,yfinance,
TATAPOWER,Utilities,False,False,False,15.0,8.68,1.56,2.22,0.0,15.0,False,50.0,0.0,False,127606.0,False,False,2026-04-12,yfinance,
TATASTEEL,Basic Materials,False,True,False,15.0,7.48,1.0,1.97,0.0,15.0,True,50.0,0.0,False,257681.0,False,False,2026-04-12,yfinance,
TATATECH,Technology,False,False,False,15.0,20.42,0.07,41.42,0.0,15.0,False,50.0,0.0,False,22989.0,False,False,2026-04-12,yfinance,
TBOTEK,Consumer Cyclical,False,False,False,15.0,22.19,0.52,13.13,0.0,15.0,False,50.0,0.0,False,12575.0,False,False,2026-04-12,yfinance,
TCS,Technology,False,False,False,48.4,55.03,0.1,54.47,0.0,15.0,False,50.0,0.0,False,913314.0,False,False,2026-04-12,yfinance,
TECHM,Technology,False,False,False,15.0,16.24,0.07,16.06,0.0,15.0,False,50.0,0.0,False,127611.0,False,False,2026-04-12,yfinance,
TECHNOE,Industrials,False,False,False,15.0,8.1,0.02,259.76,0.0,15.0,False,50.0,0.0,False,12979.0,False,False,2026-04-12,yfinance,
TEGA,Industrials,False,False,False,15.0,15.43,0.21,9.63,0.0,15.0,False,50.0,0.0,False,12981.0,False,False,2026-04-12,yfinance,
TEJASNET,Technology,False,False,True,15.0,21.85,1.29,4.05,0.0,15.0,False,50.0,0.0,False,7866.0,False,False,2026-04-12,yfinance,
TENNIND,Consumer Cyclical,False,False,False,15.0,42.57,0.02,35.32,0.0,15.0,False,50.0,0.0,False,10000.0,False,False,2026-04-12,yfinance,
THELEELA,Consumer Cyclical,False,True,False,15.0,6.02,0.28,1.02,0.0,15.0,False,50.0,0.0,False,14347.0,False,False,2026-04-12,yfinance,
THERMAX,Industrials,False,False,False,15.0,12.78,0.36,7.17,0.0,15.0,False,50.0,0.0,False,41038.0,False,False,2026-04-12,yfinance,
TIINDIA,Industrials,False,False,False,15.0,14.92,0.28,25.95,0.0,15.0,False,50.0,0.0,False,53126.0,False,False,2026-04-12,yfinance,
TIMKEN,Industrials,False,False,False,15.0,17.49,0.01,118.8,0.0,15.0,False,50.0,0.0,False,26241.0,False,False,2026-04-12,yfinance,
TITAGARH,Industrials,False,False,False,15.0,15.15,0.25,7.79,0.0,15.0,False,50.0,0.0,False,9565.0,False,False,2026-04-12,yfinance,
TITAN,Consumer Cyclical,False,False,False,15.0,33.71,2.23,5.25,0.0,15.0,False,50.0,0.0,False,399614.0,False,False,2026-04-12,yfinance,
TMCV,Consumer Cyclical,False,False,False,15.0,1.92,0.88,0.8,0.0,15.0,False,50.0,0.0,False,163698.0,False,False,2026-04-12,yfinance,
TMPV,Consumer Cyclical,False,False,False,15.0,2.03,0.56,0.8,0.0,15.0,False,50.0,0.0,False,126158.0,False,False,2026-04-12,yfinance,
TORNTPHARM,Healthcare,False,False,False,15.0,28.48,0.33,11.64,0.0,15.0,False,50.0,0.0,False,140631.0,False,False,2026-04-12,yfinance,
TORNTPOWER,Utilities,False,False,False,15.0,13.28,0.54,3.79,0.0,15.0,False,50.0,0.0,False,74165.0,False,False,2026-04-12,yfinance,
TRAVELFOOD,Consumer Cyclical,False,False,False,15.0,33.33,0.24,9.48,0.0,15.0,False,50.0,0.0,False,17218.0,False,False,2026-04-12,yfinance,
TRENT,Consumer Cyclical,False,False,False,15.0,25.7,0.38,13.74,0.0,15.0,False,50.0,0.0,False,139227.0,False,False,2026-04-12,yfinance,
TRIDENT,Consumer Cyclical,False,False,False,15.0,9.02,0.35,4.17,0.0,15.0,False,50.0,0.0,False,12926.0,False,False,2026-04-12,yfinance,
TRITURBINE,Industrials,False,False,False,15.0,32.47,0.03,152.7,0.0,15.0,False,50.0,0.0,False,14628.0,False,False,2026-04-12,yfinance,
TRIVENI,Consumer Defensive,False,False,False,15.0,9.5,0.25,4.29,0.0,15.0,False,50.0,0.0,False,8388.0,False,False,2026-04-12,yfinance,
TTML,Communication Services,False,True,False,15.0,15.0,0.5,0.24,0.0,15.0,False,50.0,0.0,False,8202.0,False,False,2026-04-12,yfinance,
TVSMOTOR,Consumer Cyclical,False,False,False,15.0,-0.74,3.46,-0.09,0.0,15.0,False,50.0,0.0,False,182482.0,False,False,2026-04-12,yfinance,
UBL,Consumer Defensive,False,False,False,15.0,13.7,0.18,50.34,0.0,15.0,False,50.0,0.0,False,38450.0,False,False,2026-04-12,yfinance,
UCOBANK,Financial Services,True,False,False,8.57,15.0,0.5,3.0,0.0,15.0,False,50.0,0.0,False,32939.0,False,False,2026-04-12,yfinance,
ULTRACEMCO,Basic Materials,False,False,False,15.0,8.31,0.33,5.18,0.0,15.0,False,50.0,0.0,False,340918.0,False,False,2026-04-12,yfinance,
UNIONBANK,Financial Services,True,False,False,15.56,15.0,0.5,3.0,0.0,15.0,False,50.0,0.0,False,144336.0,False,False,2026-04-12,yfinance,
UNITDSPR,Consumer Defensive,False,False,False,15.0,22.99,0.05,22.02,0.0,15.0,False,50.0,0.0,False,92249.0,False,False,2026-04-12,yfinance,
UNOMINDA,Consumer Cyclical,False,False,False,15.0,16.46,0.43,7.72,0.0,15.0,False,50.0,0.0,False,62336.0,False,False,2026-04-12,yfinance,
UPL,Basic Materials,False,True,False,15.0,9.46,0.8,1.74,0.0,15.0,False,50.0,0.0,False,54508.0,False,False,2026-04-12,yfinance,
URBANCO,Technology,False,True,True,15.0,-3.3,0.06,-6.03,0.0,15.0,False,50.0,0.0,False,20745.0,False,False,2026-04-12,yfinance,
USHAMART,Basic Materials,False,False,False,15.0,16.57,0.09,18.9,0.0,15.0,False,50.0,0.0,False,13442.0,False,False,2026-04-12,yfinance,
UTIAMC,Financial Services,True,False,False,15.0,12.06,0.03,48.36,0.0,15.0,False,50.0,0.0,False,12421.0,False,False,2026-04-12,yfinance,
VBL,Consumer Defensive,False,False,False,16.79,17.96,0.13,22.92,0.0,15.0,False,50.0,0.0,False,145971.0,False,False,2026-04-12,yfinance,
VEDL,Basic Materials,False,False,False,15.0,24.17,1.9,3.53,0.0,15.0,False,50.0,0.0,False,291217.0,False,False,2026-04-12,yfinance,
VENTIVE,Consumer Cyclical,False,False,False,15.0,5.66,0.42,1.99,0.0,15.0,False,50.0,0.0,False,14211.0,False,False,2026-04-12,yfinance,
VGUARD,Industrials,False,False,False,15.0,18.2,0.07,17.19,0.0,15.0,False,50.0,0.0,False,14079.0,False,False,2026-04-12,yfinance,
VIJAYA,Healthcare,False,False,False,15.0,18.24,0.42,8.25,0.0,15.0,False,50.0,0.0,False,10102.0,False,False,2026-04-12,yfinance,
VMM,Consumer Cyclical,False,False,False,15.0,12.68,0.27,6.51,0.0,15.0,False,50.0,0.0,False,53508.0,False,False,2026-04-12,yfinance,
VOLTAS,Consumer Cyclical,False,False,False,15.0,14.95,0.27,17.21,0.0,15.0,False,50.0,0.0,False,43531.0,False,False,2026-04-12,yfinance,
VTL,Consumer Cyclical,False,False,False,15.0,8.41,0.14,15.82,0.0,15.0,False,50.0,0.0,False,16222.0,False,False,2026-04-12,yfinance,
WAAREEENER,Technology,False,False,False,15.0,21.33,0.25,26.29,0.0,15.0,False,50.0,0.0,False,94390.0,False,False,2026-04-12,yfinance,
WELCORP,Basic Materials,False,False,False,15.0,14.97,0.18,4.29,0.0,15.0,False,50.0,0.0,False,25363.0,False,False,2026-04-12,yfinance,
WELSPUNLIV,Consumer Cyclical,False,False,False,15.0,13.33,0.55,4.97,0.0,15.0,False,50.0,0.0,False,11773.0,False,False,2026-04-12,yfinance,
WHIRLPOOL,Consumer Cyclical,False,False,False,15.0,7.7,0.06,8.0,0.0,15.0,False,50.0,0.0,False,10535.0,False,False,2026-04-12,yfinance,
WIPRO,Technology,False,False,False,15.2,15.06,0.22,16.3,0.0,15.0,True,50.0,0.0,False,214653.0,False,False,2026-04-12,yfinance,
WOCKPHARMA,Healthcare,False,True,False,15.0,2.95,0.5,0.72,0.0,15.0,False,50.0,0.0,False,21836.0,False,False,2026-04-12,yfinance,
YESBANK,Financial Services,True,False,False,6.53,15.0,0.5,3.0,0.0,15.0,False,50.0,0.0,False,59905.0,False,False,2026-04-12,yfinance,
ZEEL,Communication Services,False,False,False,15.0,7.69,0.02,28.07,0.0,15.0,False,50.0,0.0,False,7870.0,False,False,2026-04-12,yfinance,
ZENSARTECH,Technology,False,False,False,15.0,17.62,0.03,48.78,0.0,15.0,False,50.0,0.0,False,12626.0,False,False,2026-04-12,yfinance,
ZENTEC,Industrials,False,False,False,15.0,20.48,0.01,21.54,0.0,15.0,False,50.0,0.0,False,13862.0,False,False,2026-04-12,yfinance,
ZFCVINDIA,Consumer Cyclical,False,False,False,15.0,15.69,0.5,90.61,0.0,15.0,False,50.0,0.0,False,27245.0,False,False,2026-04-12,yfinance,
ZYDUSLIFE,Healthcare,False,False,False,15.0,21.23,0.34,63.95,0.0,15.0,False,50.0,0.0,False,92111.0,False,False,2026-04-12,yfinance,
ZYDUSWELL,Consumer Defensive,False,False,False,15.0,14.49,0.53,71.16,0.0,15.0,False,50.0,0.0,False,15645.0,False,False,2026-04-12,yfinance,
