Entry_Date,Ticker,Action,Strike,Expiry,Lots,Entry_Premium,Exit_Date,Exit_Premium,PnL,Note
2023-10-12,AARTIIND,Bull Call Spread,490/500 CE,2023-10-26,117,3.4,2023-10-26,0.0,-19890.0,Expiry
2024-08-12,AARTIIND,Bear Put Spread,740/720 PE,2024-08-29,2,9.5,2024-08-29,20.0,21000.0,Expiry
2024-08-13,AARTIIND,Bear Put Spread,620/600 PE,2024-08-29,2,8.45,2024-08-14,14.25,11600.0,50% Profit Exit
2024-08-14,AARTIIND,Bear Put Spread,600/580 PE,2024-08-29,3,6.05,2024-08-29,0.0,-18150.0,Expiry
2024-09-13,AARTIIND,Bear Put Spread,570/550 PE,2024-09-26,9,2.2,2024-09-26,0.0,-19800.0,Expiry
2024-10-07,AARTIIND,Bear Put Spread,540/520 PE,2024-10-31,2,8.9,2024-10-28,14.85,11900.0,50% Profit Exit
2025-04-23,AARTIIND,Bull Call Spread,440/450 CE,2025-05-29,4,4.25,2025-05-29,10.0,23000.0,Expiry
2025-06-13,AARTIIND,Bear Put Spread,460/450 PE,2025-06-26,4,4.3,2025-06-23,8.6,17200.0,50% Profit Exit
2025-06-24,AARTIIND,Bull Call Spread,455/470 CE,2025-07-31,30,0.5,2025-07-07,19.95,773137.5,50% Profit Exit
2024-02-22,ABB,Bull Call Spread,5450/5600 CE,2024-02-29,7,54.3,2024-02-29,1.8,-18375.0,Expiry
2024-08-05,ABCAPITAL,Bear Put Spread,205/200 PE,2024-08-29,1,3.15,2024-08-29,0.0,-17010.0,Expiry
2025-10-15,ABCAPITAL,Bull Call Spread,305/315 CE,2025-10-28,1,3.65,2025-10-28,10.0,19685.0,Expiry
2024-02-12,ABFRL,Bear Put Spread,240/235 PE,2024-02-29,163,2.45,2024-02-13,3.95,12225.0,50% Profit Exit
2025-06-19,ADANIENSOL,Bear Put Spread,820/800 PE,2025-06-26,4,7.35,2025-06-26,0.0,-18375.0,Expiry
2024-03-13,ADANIENT,Bear Put Spread,2900/2850 PE,2024-03-28,20,20.0,2024-03-28,0.0,-20000.0,Expiry
2024-06-21,ALKEM,Bear Put Spread,5100/4950 PE,2024-06-27,13,30.7,2024-06-26,100.35,45272.5,50% Profit Exit
2024-07-19,ALKEM,Bear Put Spread,5150/5000 PE,2024-07-25,3,53.85,2024-07-25,0.0,-16155.0,Expiry
2025-11-12,AMBER,Bull Call Spread,6900/7100 CE,2025-11-25,1,141.65,2025-11-21,201.55,5990.0,50% Profit Exit
2024-03-20,AMBUJACEM,Bear Put Spread,580/560 PE,2024-03-28,54,7.3,2024-03-28,0.0,-19710.0,Expiry
2025-08-25,ANGELONE,Bear Put Spread,2450/2400 PE,2025-09-30,3,24.5,2025-09-02,37.95,10087.5,50% Profit Exit
2024-03-12,APOLLOTYRE,Bear Put Spread,500/490 PE,2024-03-28,97,4.1,2024-03-28,10.0,28615.0,Expiry
2024-03-13,APOLLOTYRE,Bear Put Spread,490/475 PE,2024-03-28,67,5.95,2024-03-26,12.05,20435.0,50% Profit Exit
2024-03-19,APOLLOTYRE,Bear Put Spread,455/445 PE,2024-03-28,103,3.85,2024-03-28,0.0,-19827.5,Expiry
2024-03-20,APOLLOTYRE,Bear Put Spread,455/440 PE,2024-03-28,65,6.1,2024-03-28,0.0,-19825.0,Expiry
2024-12-06,APOLLOTYRE,Bull Call Spread,530/550 CE,2024-12-26,1,10.6,2024-12-26,12.7,3570.0,Expiry
2024-09-17,ASHOKLEY,Bear Put Spread,240/235 PE,2024-09-26,2,1.9,2024-09-26,0.0,-19000.0,Expiry
2025-12-18,ASHOKLEY,Bull Call Spread,170/175 CE,2025-12-30,2,1.71,2025-12-30,5.0,32900.0,Expiry
2025-12-22,ASHOKLEY,Bull Call Spread,175/180 CE,2025-12-30,2,1.92,2025-12-30,1.06,-8600.0,Expiry
2024-08-14,ASTRAL,Bear Put Spread,1900/1800 PE,2024-08-29,1,42.35,2024-08-29,0.0,-15542.45,Expiry
2025-06-13,ATGL,Bear Put Spread,660/640 PE,2025-06-26,2,8.9,2025-06-23,16.0,11005.0,50% Profit Exit
2024-10-10,AUBANK,Bear Put Spread,700/680 PE,2024-10-31,2,7.8,2024-10-31,20.0,24400.0,Expiry
2024-10-11,AUBANK,Bear Put Spread,690/670 PE,2024-10-31,2,7.2,2024-10-31,20.0,25600.0,Expiry
2024-08-29,BAJAJ-AUTO,Bull Call Spread,10800/11100 CE,2024-09-26,2,128.65,2024-09-26,300.0,25702.5,Expiry
2024-10-07,BAJAJ-AUTO,Bear Put Spread,11700/11400 PE,2024-10-31,2,118.0,2024-10-31,300.0,27300.0,Expiry
2024-01-16,BAJAJFINSV,Bear Put Spread,1650/1600 PE,2024-01-25,17,23.15,2024-01-25,23.4,212.5,Expiry
2025-06-18,BAJFINANCE,Bear Put Spread,920/890 PE,2025-06-26,1,9.65,2025-06-26,0.0,-12062.5,Expiry
2025-06-19,BAJFINANCE,Bear Put Spread,910/880 PE,2025-06-26,1,12.75,2025-06-26,0.0,-15937.5,Expiry
2023-11-30,BANDHANBNK,Bull Call Spread,225/235 CE,2023-12-28,89,4.45,2023-12-28,10.0,24697.5,Expiry
2024-10-01,BANDHANBNK,Bear Put Spread,200/190 PE,2024-10-31,1,5.5,2024-10-31,10.0,12600.0,Expiry
2025-07-17,BANDHANBNK,Bull Call Spread,185/190 CE,2025-07-31,2,2.2,2025-07-31,0.0,-15840.0,Expiry
2025-07-18,BANDHANBNK,Bull Call Spread,190/195 CE,2025-07-31,3,1.7,2025-07-31,0.0,-18360.0,Expiry
2025-09-23,BANDHANBNK,Bear Put Spread,165/160 PE,2025-09-30,2,2.65,2025-09-24,3.9,9000.0,50% Profit Exit
2025-09-24,BANDHANBNK,Bear Put Spread,160/155 PE,2025-09-30,2,2.5,2025-09-26,3.75,9000.0,50% Profit Exit
2024-05-07,BANKBARODA,Bear Put Spread,260/255 PE,2024-05-30,173,2.3,2024-05-30,0.0,-19895.0,Expiry
2023-07-17,BANKNIFTY,Bull Call Spread,45500/45800 CE,2023-07-27,2,134.7,2023-07-27,154.75,2005.0,Expiry
2023-07-19,BANKNIFTY,Bull Call Spread,45700/46000 CE,2023-07-27,2,138.1,2023-07-27,0.0,-13810.0,Expiry
2023-07-20,BANKNIFTY,Bull Call Spread,46200/46500 CE,2023-07-27,3,128.75,2023-07-27,0.0,-19312.5,Expiry
2023-08-08,BANKNIFTY,Bull Call Spread,45100/45400 CE,2023-08-31,2,133.8,2023-08-31,0.0,-13380.0,Expiry
2023-08-10,BANKNIFTY,Bear Put Spread,44800/44500 PE,2023-08-31,2,133.65,2023-08-31,300.0,16635.0,Expiry
2023-08-11,BANKNIFTY,Bear Put Spread,44500/44200 PE,2023-08-31,3,129.5,2023-08-31,300.0,25575.0,Expiry
2023-08-14,BANKNIFTY,Bear Put Spread,44200/43900 PE,2023-08-31,3,122.45,2023-08-31,248.25,18870.0,50% Profit Exit
2023-08-16,BANKNIFTY,Bear Put Spread,44100/43800 PE,2023-08-31,3,126.2,2023-08-31,155.7,4425.0,Expiry
2023-08-18,BANKNIFTY,Bear Put Spread,44000/43700 PE,2023-08-31,3,123.45,2023-08-31,55.7,-10162.5,Expiry
2023-08-28,BANKNIFTY,Bull Call Spread,44500/44800 CE,2023-09-28,2,164.3,2023-09-28,0.0,-16430.0,Expiry
2023-08-30,BANKNIFTY,Bear Put Spread,44200/43900 PE,2023-09-28,4,99.2,2023-09-28,0.0,-19840.0,Expiry
2023-08-31,BANKNIFTY,Bear Put Spread,43900/43600 PE,2023-09-28,4,94.85,2023-09-28,0.0,-18970.0,Expiry
2023-09-08,BANKNIFTY,Bull Call Spread,45300/45600 CE,2023-09-28,2,138.3,2023-09-28,0.0,-13830.0,Expiry
2023-09-21,BANKNIFTY,Bear Put Spread,44800/44500 PE,2023-09-28,3,124.6,2023-09-28,300.0,26310.0,Expiry
2023-09-22,BANKNIFTY,Bear Put Spread,44700/44400 PE,2023-09-28,3,124.3,2023-09-28,300.0,26355.0,Expiry
2023-09-25,BANKNIFTY,Bull Call Spread,44800/45100 CE,2023-10-26,2,173.2,2023-10-26,0.0,-17320.0,Expiry
2023-09-26,BANKNIFTY,Bear Put Spread,44700/44400 PE,2023-10-26,3,101.3,2023-10-26,300.0,29805.0,Expiry
2023-09-27,BANKNIFTY,Bear Put Spread,44600/44300 PE,2023-10-26,3,108.3,2023-10-26,300.0,28755.0,Expiry
2023-09-28,BANKNIFTY,Bear Put Spread,44300/44000 PE,2023-10-26,4,97.5,2023-10-26,300.0,40500.0,Expiry
2023-10-04,BANKNIFTY,Bear Put Spread,44200/43900 PE,2023-10-26,3,115.5,2023-10-26,300.0,27675.0,Expiry
2023-10-05,BANKNIFTY,Bull Call Spread,44400/44700 CE,2023-10-26,2,142.95,2023-10-26,0.0,-14295.0,Expiry
2023-10-06,BANKNIFTY,Bull Call Spread,44500/44800 CE,2023-10-26,2,144.25,2023-10-26,0.0,-14425.0,Expiry
2023-10-09,BANKNIFTY,Bear Put Spread,44000/43700 PE,2023-10-26,3,117.4,2023-10-26,300.0,27390.0,Expiry
2023-10-13,BANKNIFTY,Bear Put Spread,44400/44100 PE,2023-10-26,3,116.35,2023-10-26,300.0,27547.5,Expiry
2023-10-16,BANKNIFTY,Bear Put Spread,44300/44000 PE,2023-10-26,3,115.2,2023-10-26,300.0,27720.0,Expiry
2023-10-18,BANKNIFTY,Bear Put Spread,44100/43800 PE,2023-10-26,3,121.1,2023-10-26,300.0,26835.0,Expiry
2023-10-19,BANKNIFTY,Bear Put Spread,43800/43500 PE,2023-10-26,3,109.65,2023-10-26,300.0,28552.5,Expiry
2023-10-20,BANKNIFTY,Bear Put Spread,43700/43400 PE,2023-10-26,3,112.9,2023-10-26,300.0,28065.0,Expiry
2023-10-26,BANKNIFTY,Bear Put Spread,42300/42000 PE,2023-11-30,3,100.05,2023-11-30,0.0,-15007.5,Expiry
2023-11-08,BANKNIFTY,Bear Put Spread,43800/43500 PE,2023-11-30,3,121.5,2023-11-30,0.0,-18225.0,Expiry
2023-11-09,BANKNIFTY,Bull Call Spread,43900/44200 CE,2023-11-30,2,147.25,2023-11-30,300.0,15275.0,Expiry
2023-11-22,BANKNIFTY,Bear Put Spread,43600/43300 PE,2023-11-30,3,119.5,2023-11-30,0.0,-17925.0,Expiry
2023-11-23,BANKNIFTY,Bull Call Spread,43700/44000 CE,2023-11-30,3,124.9,2023-11-30,300.0,26265.0,Expiry
2023-11-24,BANKNIFTY,Bull Call Spread,43800/44100 CE,2023-11-30,3,122.35,2023-11-30,300.0,26647.5,Expiry
2023-11-28,BANKNIFTY,Bull Call Spread,44000/44300 CE,2023-12-28,2,165.6,2023-12-28,300.0,13440.0,Expiry
2023-11-29,BANKNIFTY,Bull Call Spread,44700/45000 CE,2023-12-28,2,174.8,2023-12-28,300.0,12520.0,Expiry
2023-11-30,BANKNIFTY,Bear Put Spread,44500/44200 PE,2023-12-28,3,114.7,2023-12-28,0.0,-17205.0,Expiry
2023-12-08,BANKNIFTY,Bull Call Spread,47500/47800 CE,2023-12-28,3,132.75,2023-12-28,300.0,25087.5,Expiry
2023-12-12,BANKNIFTY,Bear Put Spread,47300/47000 PE,2023-12-28,3,132.95,2023-12-28,0.0,-19942.5,Expiry
2023-12-13,BANKNIFTY,Bull Call Spread,47400/47700 CE,2023-12-28,2,133.4,2023-12-28,300.0,16660.0,Expiry
2023-12-15,BANKNIFTY,Bull Call Spread,48300/48600 CE,2023-12-28,3,128.25,2023-12-28,206.6,11752.5,Expiry
2023-12-18,BANKNIFTY,Bear Put Spread,47900/47600 PE,2023-12-28,3,121.45,2023-12-28,0.0,-18217.5,Expiry
2023-12-19,BANKNIFTY,Bull Call Spread,48000/48300 CE,2023-12-28,3,131.0,2023-12-28,300.0,25350.0,Expiry
2023-12-20,BANKNIFTY,Bear Put Spread,47500/47200 PE,2023-12-28,3,115.15,2023-12-28,0.0,-17272.5,Expiry
2023-12-21,BANKNIFTY,Bull Call Spread,48100/48400 CE,2023-12-28,2,142.0,2023-12-28,300.0,15800.0,Expiry
2023-12-27,BANKNIFTY,Bull Call Spread,48400/48700 CE,2024-01-31,3,118.35,2023-12-28,218.9,15082.5,50% Profit Exit
2023-12-28,BANKNIFTY,Bull Call Spread,48500/48800 CE,2024-01-31,1,283.05,2024-01-31,0.0,-14152.5,Expiry
2024-01-02,BANKNIFTY,Bear Put Spread,47900/47600 PE,2024-01-31,3,105.9,2024-01-31,300.0,29115.0,Expiry
2024-01-08,BANKNIFTY,Bear Put Spread,47600/47300 PE,2024-01-31,3,125.45,2024-01-31,300.0,26182.5,Expiry
2024-01-09,BANKNIFTY,Bear Put Spread,47400/47100 PE,2024-01-31,3,129.25,2024-01-31,300.0,25612.5,Expiry
2024-01-10,BANKNIFTY,Bull Call Spread,47600/47900 CE,2024-01-31,2,151.7,2024-01-31,0.0,-15170.0,Expiry
2024-01-17,BANKNIFTY,Bear Put Spread,46200/45900 PE,2024-01-31,3,119.45,2024-01-31,0.0,-17917.5,Expiry
2024-01-18,BANKNIFTY,Bear Put Spread,45900/45600 PE,2024-01-31,3,117.7,2024-01-31,0.0,-17655.0,Expiry
2024-01-19,BANKNIFTY,Bear Put Spread,45800/45500 PE,2024-01-31,3,125.15,2024-01-31,0.0,-18772.5,Expiry
2024-01-23,BANKNIFTY,Bear Put Spread,44900/44600 PE,2024-01-31,3,112.25,2024-01-31,0.0,-16837.5,Expiry
2024-01-24,BANKNIFTY,Bull Call Spread,45200/45500 CE,2024-01-31,2,156.0,2024-01-31,300.0,14400.0,Expiry
2024-01-25,BANKNIFTY,Bear Put Spread,44800/44500 PE,2024-01-31,4,87.75,2024-01-31,0.0,-17550.0,Expiry
2024-02-06,BANKNIFTY,Bear Put Spread,46000/45700 PE,2024-02-29,3,128.0,2024-02-29,0.0,-19200.0,Expiry
2024-02-07,BANKNIFTY,Bull Call Spread,46100/46400 CE,2024-02-29,2,152.9,2024-02-29,0.0,-15290.0,Expiry
2024-02-08,BANKNIFTY,Bear Put Spread,45200/44900 PE,2024-02-29,3,130.0,2024-02-29,0.0,-19500.0,Expiry
2024-02-09,BANKNIFTY,Bull Call Spread,45900/46200 CE,2024-02-29,2,152.6,2024-02-29,185.65,3305.0,Expiry
2024-02-12,BANKNIFTY,Bear Put Spread,45100/44800 PE,2024-02-29,3,124.65,2024-02-29,0.0,-18697.5,Expiry
2024-02-13,BANKNIFTY,Bull Call Spread,45700/46000 CE,2024-02-29,2,178.55,2024-02-29,300.0,12145.0,Expiry
2024-02-21,BANKNIFTY,Bear Put Spread,47000/46700 PE,2024-02-29,3,108.25,2024-02-29,300.0,28762.5,Expiry
2024-02-26,BANKNIFTY,Bear Put Spread,46600/46300 PE,2024-03-28,3,113.05,2024-03-28,0.0,-16957.5,Expiry
2024-02-28,BANKNIFTY,Bear Put Spread,45900/45600 PE,2024-03-28,3,115.0,2024-03-28,0.0,-17250.0,Expiry
2024-02-29,BANKNIFTY,Bull Call Spread,46100/46400 CE,2024-03-28,2,196.2,2024-03-28,300.0,10380.0,Expiry
2024-03-01,BANKNIFTY,Bull Call Spread,47600/47900 CE,2024-03-27,2,153.7,2024-03-27,0.0,-15370.0,Expiry
2024-03-04,BANKNIFTY,Bull Call Spread,47700/48000 CE,2024-03-27,2,150.9,2024-03-27,0.0,-15090.0,Expiry
2024-03-05,BANKNIFTY,Bull Call Spread,47900/48200 CE,2024-03-27,2,149.65,2024-03-27,0.0,-14965.0,Expiry
2024-03-06,BANKNIFTY,Bull Call Spread,48100/48400 CE,2024-03-27,2,148.4,2024-03-27,0.0,-14840.0,Expiry
2024-03-07,BANKNIFTY,Bear Put Spread,48000/47700 PE,2024-03-27,3,127.45,2024-03-27,300.0,25882.5,Expiry
2024-03-11,BANKNIFTY,Bear Put Spread,47500/47200 PE,2024-03-27,3,124.8,2024-03-27,300.0,26280.0,Expiry
2024-03-13,BANKNIFTY,Bear Put Spread,47100/46800 PE,2024-03-27,3,107.75,2024-03-27,311.35,30540.0,50% Profit Exit
2024-03-14,BANKNIFTY,Bear Put Spread,47000/46700 PE,2024-03-27,2,133.75,2024-03-27,236.2,10245.0,50% Profit Exit
2024-03-15,BANKNIFTY,Bear Put Spread,46700/46400 PE,2024-03-27,3,125.6,2024-03-27,0.0,-18840.0,Expiry
2024-03-18,BANKNIFTY,Bull Call Spread,46700/47000 CE,2024-03-27,2,148.2,2024-03-27,61.15,-8705.0,Expiry
2024-03-19,BANKNIFTY,Bear Put Spread,46400/46100 PE,2024-03-27,3,127.25,2024-03-27,0.0,-19087.5,Expiry
2024-03-21,BANKNIFTY,Bull Call Spread,46800/47100 CE,2024-03-27,3,132.65,2024-03-27,0.0,-19897.5,Expiry
2024-03-22,BANKNIFTY,Bull Call Spread,46900/47200 CE,2024-03-27,2,140.9,2024-03-27,0.0,-14090.0,Expiry
2024-03-26,BANKNIFTY,Bear Put Spread,46700/46400 PE,2024-04-30,3,105.2,2024-04-30,0.0,-15780.0,Expiry
2024-04-10,BANKNIFTY,Bull Call Spread,49000/49300 CE,2024-04-30,2,145.35,2024-04-30,300.0,15465.0,Expiry
2024-04-12,BANKNIFTY,Bear Put Spread,48700/48400 PE,2024-04-30,3,125.35,2024-04-30,0.0,-18802.5,Expiry
2024-04-18,BANKNIFTY,Bear Put Spread,47200/46900 PE,2024-04-30,3,111.5,2024-04-30,0.0,-16725.0,Expiry
2024-04-29,BANKNIFTY,Bull Call Spread,49500/49800 CE,2024-05-29,2,154.45,2024-05-29,0.0,-15445.0,Expiry
2024-04-30,BANKNIFTY,Bear Put Spread,49500/49200 PE,2024-05-29,3,130.0,2024-05-29,300.0,25500.0,Expiry
2024-05-02,BANKNIFTY,Bear Put Spread,49400/49100 PE,2024-05-29,3,130.85,2024-05-29,300.0,25372.5,Expiry
2024-05-07,BANKNIFTY,Bear Put Spread,48300/48000 PE,2024-05-29,3,128.95,2024-05-29,0.0,-19342.5,Expiry
2024-05-08,BANKNIFTY,Bear Put Spread,48200/47900 PE,2024-05-29,3,125.9,2024-05-29,0.0,-18885.0,Expiry
2024-05-09,BANKNIFTY,Bear Put Spread,47700/47400 PE,2024-05-29,3,130.4,2024-05-29,0.0,-19560.0,Expiry
2024-05-10,BANKNIFTY,Bear Put Spread,47600/47300 PE,2024-05-29,2,133.6,2024-05-29,0.0,-13360.0,Expiry
2024-05-13,BANKNIFTY,Bull Call Spread,48000/48300 CE,2024-05-29,2,139.9,2024-05-29,300.0,16010.0,Expiry
2024-05-14,BANKNIFTY,Bull Call Spread,48100/48400 CE,2024-05-29,2,145.5,2024-05-29,300.0,15450.0,Expiry
2024-05-15,BANKNIFTY,Bear Put Spread,47900/47600 PE,2024-05-29,3,128.15,2024-05-29,0.0,-19222.5,Expiry
2024-05-16,BANKNIFTY,Bull Call Spread,48100/48400 CE,2024-05-29,2,139.6,2024-05-29,300.0,16040.0,Expiry
2024-05-17,BANKNIFTY,Bull Call Spread,48200/48500 CE,2024-05-29,2,144.75,2024-05-29,279.1,13435.0,50% Profit Exit
2024-05-22,BANKNIFTY,Bear Put Spread,48000/47700 PE,2024-05-29,3,106.5,2024-05-29,0.0,-15975.0,Expiry
2024-05-24,BANKNIFTY,Bull Call Spread,49000/49300 CE,2024-05-29,2,139.85,2024-05-29,0.0,-13985.0,Expiry
2024-05-29,BANKNIFTY,Bear Put Spread,48500/48200 PE,2024-06-26,3,119.15,2024-06-26,0.0,-17872.5,Expiry
2024-06-04,BANKNIFTY,Bear Put Spread,47100/46800 PE,2024-06-26,3,101.0,2024-06-26,0.0,-15150.0,Expiry
2024-06-05,BANKNIFTY,Bull Call Spread,49100/49400 CE,2024-06-26,2,141.1,2024-06-26,300.0,15890.0,Expiry
2024-06-06,BANKNIFTY,Bull Call Spread,49400/49700 CE,2024-06-26,2,148.05,2024-06-26,300.0,15195.0,Expiry
2024-06-07,BANKNIFTY,Bull Call Spread,49900/50200 CE,2024-06-26,2,147.5,2024-06-26,300.0,15250.0,Expiry
2024-06-18,BANKNIFTY,Bull Call Spread,50400/50700 CE,2024-06-26,2,139.85,2024-06-26,300.0,16015.0,Expiry
2024-06-19,BANKNIFTY,Bull Call Spread,51400/51700 CE,2024-06-26,2,137.5,2024-06-26,300.0,16250.0,Expiry
2024-06-20,BANKNIFTY,Bull Call Spread,51800/52100 CE,2024-06-26,3,132.05,2024-06-26,300.0,25192.5,Expiry
2024-06-21,BANKNIFTY,Bear Put Spread,51600/51300 PE,2024-06-26,3,120.35,2024-06-26,0.0,-18052.5,Expiry
2024-06-25,BANKNIFTY,Bull Call Spread,52600/52900 CE,2024-07-31,2,141.1,2024-07-31,0.0,-14110.0,Expiry
2024-06-26,BANKNIFTY,Bull Call Spread,52900/53200 CE,2024-07-31,2,151.35,2024-07-31,0.0,-15135.0,Expiry
2024-07-03,BANKNIFTY,Bull Call Spread,53100/53400 CE,2024-07-31,2,143.35,2024-07-31,0.0,-14335.0,Expiry
2024-07-04,BANKNIFTY,Bull Call Spread,53200/53500 CE,2024-07-31,2,145.35,2024-07-31,0.0,-14535.0,Expiry
2024-07-05,BANKNIFTY,Bear Put Spread,52700/52400 PE,2024-07-31,3,132.55,2024-07-31,300.0,25117.5,Expiry
2024-07-24,BANKNIFTY,Bear Put Spread,51400/51100 PE,2024-07-31,10,123.4,2024-07-31,0.0,-18510.0,Expiry
2024-07-25,BANKNIFTY,Bear Put Spread,50900/50600 PE,2024-07-31,10,121.45,2024-07-31,0.0,-18217.5,Expiry
2024-08-05,BANKNIFTY,Bear Put Spread,50200/49900 PE,2024-08-28,11,117.65,2024-08-28,0.0,-19412.25,Expiry
2024-08-28,BANKNIFTY,Bear Put Spread,51400/51100 PE,2024-09-25,10,129.5,2024-09-25,0.0,-19425.0,Expiry
2024-09-20,BANKNIFTY,Bull Call Spread,53800/54100 CE,2024-09-25,15,85.8,2024-09-25,295.3,47137.5,50% Profit Exit
2024-09-23,BANKNIFTY,Bull Call Spread,54100/54400 CE,2024-10-30,8,157.85,2024-10-30,0.0,-18942.0,Expiry
2024-10-11,BANKNIFTY,Bear Put Spread,51400/51100 PE,2024-10-30,10,122.2,2024-10-30,0.0,-18330.0,Expiry
2024-10-25,BANKNIFTY,Bear Put Spread,50800/50500 PE,2024-10-30,11,120.35,2024-10-30,0.0,-19857.75,Expiry
2024-11-11,BANKNIFTY,Bear Put Spread,52100/51800 PE,2024-11-27,10,124.8,2024-11-27,0.0,-18720.0,Expiry
2024-12-17,BANKNIFTY,Bear Put Spread,53000/52700 PE,2024-12-24,9,135.75,2024-12-24,300.0,22173.75,Expiry
2024-12-19,BANKNIFTY,Bear Put Spread,51700/51400 PE,2024-12-24,11,119.5,2024-12-24,300.0,29782.5,Expiry
2024-12-20,BANKNIFTY,Bear Put Spread,50800/50500 PE,2025-01-29,11,112.2,2025-01-29,300.0,30987.0,Expiry
2024-12-23,BANKNIFTY,Bull Call Spread,51300/51600 CE,2025-01-29,7,177.75,2025-01-29,0.0,-18663.75,Expiry
2024-12-24,BANKNIFTY,Bear Put Spread,51200/50900 PE,2025-01-29,13,101.15,2025-01-29,300.0,38775.75,Expiry
2025-01-02,BANKNIFTY,Bear Put Spread,51900/51600 PE,2025-01-30,10,132.2,2025-01-30,300.0,25170.0,Expiry
2025-01-06,BANKNIFTY,Bear Put Spread,50200/49900 PE,2025-01-30,9,136.1,2025-01-30,300.0,22126.5,Expiry
2025-01-09,BANKNIFTY,Bear Put Spread,49800/49500 PE,2025-01-30,9,135.6,2025-01-30,300.0,22194.0,Expiry
2025-01-13,BANKNIFTY,Bear Put Spread,48300/48000 PE,2025-01-30,10,132.0,2025-01-30,0.0,-19800.0,Expiry
2025-01-15,BANKNIFTY,Bear Put Spread,48900/48600 PE,2025-01-30,9,135.05,2025-01-30,0.0,-18231.75,Expiry
2025-01-21,BANKNIFTY,Bear Put Spread,48800/48500 PE,2025-01-30,10,128.05,2025-01-30,0.0,-19207.5,Expiry
2025-01-23,BANKNIFTY,Bear Put Spread,48700/48400 PE,2025-01-30,9,133.65,2025-01-30,0.0,-18042.75,Expiry
2025-01-27,BANKNIFTY,Bear Put Spread,48100/47800 PE,2025-02-27,5,126.85,2025-02-27,0.0,-19027.5,Expiry
2025-01-30,BANKNIFTY,Bear Put Spread,49300/49000 PE,2025-02-27,5,111.85,2025-02-27,0.0,-16777.5,Expiry
2025-02-11,BANKNIFTY,Bear Put Spread,49700/49400 PE,2025-02-27,4,135.85,2025-02-27,300.0,19698.0,Expiry
2025-02-13,BANKNIFTY,Bear Put Spread,49600/49300 PE,2025-02-27,5,123.8,2025-02-27,229.75,15892.5,Expiry
2025-02-14,BANKNIFTY,Bear Put Spread,49300/49000 PE,2025-02-27,4,134.45,2025-02-27,0.0,-16134.0,Expiry
2025-02-19,BANKNIFTY,Bear Put Spread,49600/49300 PE,2025-02-27,5,123.8,2025-02-27,229.75,15892.5,Expiry
2025-02-20,BANKNIFTY,Bear Put Spread,49500/49200 PE,2025-02-27,5,127.7,2025-02-27,129.75,307.5,Expiry
2025-02-21,BANKNIFTY,Bear Put Spread,49300/49000 PE,2025-02-27,4,163.8,2025-02-27,0.0,-19656.0,Expiry
2025-02-24,BANKNIFTY,Bear Put Spread,48800/48500 PE,2025-03-27,5,115.05,2025-03-27,0.0,-17257.5,Expiry
2025-02-25,BANKNIFTY,Bear Put Spread,48700/48400 PE,2025-03-27,6,109.5,2025-03-27,0.0,-19710.0,Expiry
2025-03-07,BANKNIFTY,Bear Put Spread,48700/48400 PE,2025-03-27,5,129.7,2025-03-27,0.0,-19455.0,Expiry
2025-03-11,BANKNIFTY,Bear Put Spread,48000/47700 PE,2025-03-27,5,131.45,2025-03-27,0.0,-19717.5,Expiry
2025-04-09,BANKNIFTY,Bear Put Spread,50500/50200 PE,2025-04-24,5,124.7,2025-04-24,0.0,-18705.0,Expiry
2025-04-23,BANKNIFTY,Bear Put Spread,55600/55300 PE,2025-05-29,4,133.65,2025-05-29,125.6,-966.0,Expiry
2025-04-24,BANKNIFTY,Bear Put Spread,55200/54900 PE,2025-05-29,5,129.55,2025-05-29,0.0,-19432.5,Expiry
2025-05-20,BANKNIFTY,Bear Put Spread,55100/54800 PE,2025-05-29,5,129.75,2025-05-29,0.0,-19462.5,Expiry
2025-05-29,BANKNIFTY,Bear Put Spread,55500/55200 PE,2025-06-26,5,111.4,2025-06-26,0.0,-16710.0,Expiry
2025-06-10,BANKNIFTY,Bear Put Spread,56800/56500 PE,2025-06-26,4,133.8,2025-06-26,0.0,-16056.0,Expiry
2025-06-11,BANKNIFTY,Bear Put Spread,56600/56300 PE,2025-06-26,5,127.4,2025-06-26,0.0,-19110.0,Expiry
2025-06-13,BANKNIFTY,Bear Put Spread,55800/55500 PE,2025-06-26,4,140.3,2025-06-26,0.0,-16836.0,Expiry
2025-06-25,BANKNIFTY,Bull Call Spread,56600/56900 CE,2025-07-31,3,160.85,2025-07-31,0.0,-16889.25,Expiry
2025-07-15,BANKNIFTY,Bear Put Spread,57200/56900 PE,2025-07-31,4,127.75,2025-07-31,300.0,24115.0,Expiry
2025-07-18,BANKNIFTY,Bear Put Spread,56600/56300 PE,2025-07-31,3,148.55,2025-07-31,118.6,-3144.75,Expiry
2025-07-28,BANKNIFTY,Bear Put Spread,56400/56100 PE,2025-08-28,4,131.3,2025-08-28,300.0,23618.0,Expiry
2025-07-30,BANKNIFTY,Bear Put Spread,56200/55900 PE,2025-08-28,4,119.6,2025-08-28,300.0,25256.0,Expiry
2025-08-07,BANKNIFTY,Bear Put Spread,55800/55500 PE,2025-08-28,4,117.75,2025-08-28,300.0,25515.0,Expiry
2025-08-26,BANKNIFTY,Bear Put Spread,54500/54200 PE,2025-09-30,5,106.0,2025-09-30,0.0,-18550.0,Expiry
2025-09-26,BANKNIFTY,Bear Put Spread,54500/54200 PE,2025-10-28,5,109.8,2025-10-28,0.0,-19215.0,Expiry
2025-10-15,BANKNIFTY,Bear Put Spread,57000/56700 PE,2025-10-28,4,121.2,2025-10-28,0.0,-16968.0,Expiry
2025-10-21,BANKNIFTY,Bear Put Spread,58000/57700 PE,2025-10-28,4,123.85,2025-10-28,0.0,-17339.0,Expiry
2025-10-23,BANKNIFTY,Bull Call Spread,58100/58400 CE,2025-10-28,4,129.65,2025-10-28,300.0,23849.0,Expiry
2025-10-24,BANKNIFTY,Bear Put Spread,58000/57700 PE,2025-11-25,4,126.5,2025-11-25,0.0,-17710.0,Expiry
2025-11-07,BANKNIFTY,Bear Put Spread,58200/57900 PE,2025-11-25,4,129.0,2025-11-25,0.0,-18060.0,Expiry
2025-11-12,BANKNIFTY,Bear Put Spread,58500/58200 PE,2025-11-25,4,118.35,2025-11-25,0.0,-16569.0,Expiry
2025-11-20,BANKNIFTY,Bear Put Spread,59400/59100 PE,2025-11-25,4,119.8,2025-11-25,300.0,25228.0,Expiry
2025-11-21,BANKNIFTY,Bear Put Spread,59200/58900 PE,2025-12-30,4,129.2,2025-12-30,0.0,-18088.0,Expiry
2025-12-04,BANKNIFTY,Bear Put Spread,59600/59300 PE,2025-12-30,4,127.65,2025-12-30,0.0,-17871.0,Expiry
2025-12-11,BANKNIFTY,Bear Put Spread,59500/59200 PE,2025-12-30,4,127.5,2025-12-30,307.0,25130.0,50% Profit Exit
2026-01-06,BANKNIFTY,Bear Put Spread,60300/60000 PE,2026-01-27,5,129.15,2026-01-27,300.0,25627.5,Expiry
2026-01-12,BANKNIFTY,Bear Put Spread,59700/59400 PE,2026-01-27,5,125.85,2026-01-27,300.0,26122.5,Expiry
2026-01-16,BANKNIFTY,Bear Put Spread,60200/59900 PE,2026-01-27,5,127.0,2026-01-27,300.0,25950.0,Expiry
2026-02-02,BANKNIFTY,Bear Put Spread,58800/58500 PE,2026-02-24,5,127.6,2026-02-24,0.0,-19140.0,Expiry
2026-02-11,BANKNIFTY,Bear Put Spread,60800/60500 PE,2026-02-24,5,122.4,2026-02-24,0.0,-18360.0,Expiry
2026-02-17,BANKNIFTY,Bear Put Spread,61500/61200 PE,2026-02-24,3,174.85,2026-02-24,0.0,-15736.5,Expiry
2026-02-20,BANKNIFTY,Bull Call Spread,61200/61500 CE,2026-03-30,3,175.4,2026-03-30,0.0,-15786.0,Expiry
2026-03-05,BANKNIFTY,Bear Put Spread,59400/59100 PE,2026-03-30,5,111.65,2026-03-30,300.0,28252.5,Expiry
2026-03-06,BANKNIFTY,Bear Put Spread,58100/57800 PE,2026-03-30,5,113.8,2026-03-30,300.0,27930.0,Expiry
2026-03-13,BANKNIFTY,Bear Put Spread,53900/53600 PE,2026-03-30,5,119.35,2026-03-30,300.0,27097.5,Expiry
2025-07-14,BDL,Bear Put Spread,1850/1800 PE,2025-07-31,2,24.7,2025-07-21,42.95,11862.5,50% Profit Exit
2025-07-18,BDL,Bear Put Spread,1700/1650 PE,2025-07-31,2,22.3,2025-07-28,41.15,12252.5,50% Profit Exit
2025-08-21,BDL,Bear Put Spread,1550/1500 PE,2025-08-28,2,27.1,2025-08-26,41.85,9587.5,50% Profit Exit
2024-03-13,BEL,Bear Put Spread,190/185 PE,2024-03-28,190,2.1,2024-03-28,0.0,-19950.0,Expiry
2024-05-16,BEL,Bull Call Spread,240/245 CE,2024-05-30,200,2.0,2024-05-30,5.0,30000.0,Expiry
2024-05-17,BEL,Bull Call Spread,250/255 CE,2024-05-30,210,1.9,2024-05-30,5.0,32550.0,Expiry
2024-02-08,BERGEPAINT,Bear Put Spread,540/530 PE,2024-02-29,100,4.0,2024-02-29,0.0,-20000.0,Expiry
2024-04-19,BERGEPAINT,Bear Put Spread,500/490 PE,2024-04-25,186,2.15,2024-04-25,0.0,-19995.0,Expiry
2024-06-11,BIOCON,Bull Call Spread,345/355 CE,2024-06-27,96,4.15,2024-06-27,0.9,-15600.0,Expiry
2026-01-12,BIOCON,Bear Put Spread,375/365 PE,2026-01-27,1,4.95,2026-01-23,7.7,6875.0,50% Profit Exit
2024-06-10,BPCL,Bull Call Spread,600/620 CE,2024-06-27,45,8.85,2024-06-18,14.95,13725.0,50% Profit Exit
2024-06-25,BPCL,Bear Put Spread,295/290 PE,2024-07-25,181,2.2,2024-07-25,0.0,-19910.0,Expiry
2024-09-30,BPCL,Bull Call Spread,375/385 CE,2024-10-31,2,3.9,2024-10-31,0.0,-14040.0,Expiry
2025-06-26,BPCL,Bull Call Spread,330/340 CE,2025-07-31,2,4.1,2025-07-17,7.7,14220.0,50% Profit Exit
2023-11-30,BRITANNIA,Bull Call Spread,4850/5000 CE,2023-12-28,6,60.55,2023-12-28,150.0,26835.0,Expiry
2023-12-22,BRITANNIA,Bull Call Spread,5150/5300 CE,2023-12-28,9,44.0,2023-12-28,104.8,27360.0,50% Profit Exit
2024-05-08,BRITANNIA,Bull Call Spread,5250/5400 CE,2024-05-30,6,60.7,2024-05-30,0.0,-18210.0,Expiry
2025-09-23,BSE,Bear Put Spread,2150/2050 PE,2025-09-30,1,38.4,2025-09-26,72.6,12825.0,50% Profit Exit
2025-09-24,BSE,Bear Put Spread,2100/2050 PE,2025-09-30,2,19.1,2025-09-30,48.5,22050.0,50% Profit Exit
2023-07-31,BSOFT,Bull Call Spread,430/445 CE,2023-08-31,65,6.1,2023-08-31,15.0,28925.0,Expiry
2024-04-23,BSOFT,Bear Put Spread,650/630 PE,2024-05-30,46,8.6,2024-05-16,14.9,14490.0,50% Profit Exit
2024-05-03,BSOFT,Bear Put Spread,640/620 PE,2024-05-30,45,8.85,2024-05-15,17.95,20475.0,50% Profit Exit
2024-05-06,BSOFT,Bear Put Spread,620/600 PE,2024-05-30,48,8.3,2024-05-13,14.95,15960.0,50% Profit Exit
2024-05-07,BSOFT,Bear Put Spread,620/600 PE,2024-05-30,42,9.35,2024-05-13,14.95,11760.0,50% Profit Exit
2024-08-01,BSOFT,Bear Put Spread,650/630 PE,2024-08-29,2,8.65,2024-08-19,14.5,11700.0,50% Profit Exit
2024-08-02,BSOFT,Bear Put Spread,610/590 PE,2024-08-29,2,9.5,2024-08-05,21.5,24000.0,50% Profit Exit
2025-12-09,CAMS,Bear Put Spread,760/730 PE,2025-12-30,1,14.7,2025-12-30,29.3,10950.0,50% Profit Exit
2025-12-10,CAMS,Bear Put Spread,740/720 PE,2025-12-30,3,8.75,2025-12-30,5.0,-8437.5,Expiry
2024-09-06,CANBK,Bear Put Spread,105/100 PE,2024-09-26,1,2.05,2024-09-26,0.0,-13837.5,Expiry
2023-07-21,CANFINHOME,Bull Call Spread,840/860 CE,2023-07-27,48,8.25,2023-07-27,0.0,-19800.0,Expiry
2023-07-24,CANFINHOME,Bull Call Spread,890/920 CE,2023-08-31,28,14.0,2023-08-31,0.0,-19600.0,Expiry
2023-07-28,CANFINHOME,Bear Put Spread,740/720 PE,2023-08-31,42,9.5,2023-08-31,0.0,-19950.0,Expiry
2023-11-21,CANFINHOME,Bull Call Spread,780/800 CE,2023-11-30,54,7.35,2023-11-30,0.75,-17820.0,Expiry
2023-12-05,CANFINHOME,Bull Call Spread,840/870 CE,2023-12-28,33,11.85,2023-12-28,0.0,-19552.5,Expiry
2024-10-15,CANFINHOME,Bull Call Spread,860/890 CE,2024-10-31,1,15.75,2024-10-30,23.1,7166.25,50% Profit Exit
2024-12-06,CESC,Bull Call Spread,200/205 CE,2024-12-26,3,1.85,2024-12-26,0.0,-16233.75,Expiry
2025-07-28,CGPOWER,Bear Put Spread,660/640 PE,2025-08-28,2,8.2,2025-08-28,0.0,-13940.0,Expiry
2026-01-16,CGPOWER,Bear Put Spread,570/550 PE,2026-01-27,2,8.65,2026-01-23,16.3,13005.0,50% Profit Exit
2024-04-26,CHAMBLFERT,Bull Call Spread,425/440 CE,2024-05-30,61,6.5,2024-05-30,0.0,-19825.0,Expiry
2024-04-29,CHAMBLFERT,Bull Call Spread,430/445 CE,2024-05-30,65,6.15,2024-05-30,0.0,-19987.5,Expiry
2025-05-20,CHAMBLFERT,Bear Put Spread,610/590 PE,2025-05-29,2,8.95,2025-05-26,15.9,13205.0,50% Profit Exit
2024-04-15,CIPLA,Bear Put Spread,1400/1350 PE,2024-04-25,19,21.05,2024-04-25,0.0,-19997.5,Expiry
2025-05-29,COALINDIA,Bear Put Spread,400/385 PE,2025-06-26,3,5.25,2025-06-19,11.2,18742.5,50% Profit Exit
2023-07-21,COFORGE,Bear Put Spread,4650/4500 PE,2023-07-27,8,48.9,2023-07-27,0.0,-19560.0,Expiry
2023-12-14,CONCOR,Bull Call Spread,880/900 CE,2023-12-28,53,7.45,2023-12-28,0.0,-19742.5,Expiry
2024-01-18,CONCOR,Bear Put Spread,850/820 PE,2024-01-25,34,11.55,2024-01-25,21.05,16150.0,50% Profit Exit
2024-02-01,CONCOR,Bull Call Spread,920/950 CE,2024-02-29,33,12.05,2024-02-29,30.0,29617.5,Expiry
2025-05-19,CONCOR,Bull Call Spread,750/780 CE,2025-05-29,1,10.15,2025-05-28,21.4,11250.0,50% Profit Exit
2024-03-20,CROMPTON,Bear Put Spread,265/260 PE,2024-03-28,228,1.75,2024-03-28,0.0,-19950.0,Expiry
2025-11-06,DABUR,Bull Call Spread,530/540 CE,2025-11-25,5,2.85,2025-11-25,0.0,-17812.5,Expiry
2024-12-10,DELHIVERY,Bull Call Spread,375/385 CE,2024-12-26,2,4.4,2024-12-26,0.0,-13420.0,Expiry
2025-03-26,DELHIVERY,Bear Put Spread,255/245 PE,2025-04-24,2,4.45,2025-04-24,0.0,-13572.5,Expiry
2025-03-27,DELHIVERY,Bear Put Spread,255/245 PE,2025-04-24,2,5.6,2025-04-24,0.0,-17080.0,Expiry
2025-10-07,DELHIVERY,Bull Call Spread,470/485 CE,2025-10-28,1,5.95,2025-10-28,8.65,5602.5,Expiry
2024-01-18,DIVISLAB,Bear Put Spread,3700/3600 PE,2024-01-25,11,33.8,2024-01-23,72.7,21395.0,50% Profit Exit
2024-02-28,DIVISLAB,Bear Put Spread,3500/3400 PE,2024-03-28,9,40.8,2024-03-26,76.75,16177.5,50% Profit Exit
2023-08-09,DIXON,Bull Call Spread,4900/5050 CE,2023-08-31,6,60.95,2023-08-31,106.05,13530.0,Expiry
2024-05-22,DIXON,Bull Call Spread,9300/9600 CE,2024-05-30,3,111.45,2024-05-30,31.8,-11947.5,Expiry
2025-11-20,DLF,Bear Put Spread,740/720 PE,2025-11-25,4,5.45,2025-11-21,13.0,24915.0,50% Profit Exit
2025-11-21,DLF,Bear Put Spread,740/710 PE,2025-12-30,1,13.0,2025-12-30,30.0,14025.0,Expiry
2025-11-24,DLF,Bear Put Spread,720/700 PE,2025-12-30,3,7.55,2025-12-08,14.15,16335.0,50% Profit Exit
2025-07-04,DMART,Bear Put Spread,4250/4150 PE,2025-07-31,3,44.15,2025-07-31,0.0,-19867.5,Expiry
2024-05-08,DRREDDY,Bear Put Spread,6050/5900 PE,2024-05-30,7,54.1,2024-05-14,102.2,16835.0,50% Profit Exit
2024-09-06,DRREDDY,Bear Put Spread,6700/6500 PE,2024-09-26,2,75.25,2024-09-26,0.0,-18812.5,Expiry
2024-09-24,ESCORTS,Bull Call Spread,4350/4500 CE,2024-10-31,1,64.8,2024-10-31,0.0,-17820.0,Expiry
2025-07-23,ETERNAL,Bull Call Spread,305/315 CE,2025-07-31,2,2.85,2025-07-31,4.7,8972.5,Expiry
2024-07-12,EXIDEIND,Bear Put Spread,560/540 PE,2024-07-25,1,8.6,2024-07-24,16.2,13680.0,50% Profit Exit
2024-08-01,EXIDEIND,Bear Put Spread,520/510 PE,2024-08-29,2,5.5,2024-08-05,7.85,8460.0,50% Profit Exit
2025-06-11,EXIDEIND,Bull Call Spread,405/420 CE,2025-06-26,1,5.6,2025-06-26,0.0,-10080.0,Expiry
2024-04-16,FEDERALBNK,Bear Put Spread,155/150 PE,2024-04-25,153,2.6,2024-04-25,0.0,-19890.0,Expiry
2025-06-13,FEDERALBNK,Bear Put Spread,205/200 PE,2025-06-26,2,1.7,2025-06-26,0.0,-17000.0,Expiry
2026-01-14,FEDERALBNK,Bear Put Spread,250/240 PE,2026-01-27,1,4.15,2026-01-27,0.0,-20750.0,Expiry
2025-06-06,FORTIS,Bull Call Spread,770/790 CE,2025-06-26,3,7.2,2025-06-26,18.3,25807.5,50% Profit Exit
2025-06-13,FORTIS,Bear Put Spread,760/730 PE,2025-06-26,2,10.5,2025-06-26,0.0,-16275.0,Expiry
2025-07-24,FORTIS,Bull Call Spread,850/880 CE,2025-07-31,3,7.95,2025-07-31,9.15,2790.0,Expiry
2025-11-12,FORTIS,Bear Put Spread,970/940 PE,2025-11-25,2,11.7,2025-11-20,25.75,21777.5,50% Profit Exit
2025-11-13,FORTIS,Bear Put Spread,950/930 PE,2025-11-25,3,8.2,2025-11-19,15.4,16740.0,50% Profit Exit
2025-11-14,FORTIS,Bear Put Spread,940/910 PE,2025-11-25,2,11.6,2025-11-25,13.1,2325.0,Expiry
2023-07-24,GAIL,Bull Call Spread,110/115 CE,2023-08-31,190,2.1,2023-08-31,4.9,26600.0,Expiry
2023-07-25,GAIL,Bull Call Spread,115/120 CE,2023-08-31,195,2.05,2023-08-31,0.0,-19987.5,Expiry
2024-01-16,GAIL,Bull Call Spread,165/170 CE,2024-01-25,177,2.25,2024-01-25,0.1,-19027.5,Expiry
2025-12-02,GAIL,Bear Put Spread,175/170 PE,2025-12-30,3,1.88,2025-12-08,3.57,15970.5,50% Profit Exit
2025-12-03,GAIL,Bear Put Spread,175/170 PE,2025-12-30,2,2.82,2025-12-16,3.96,7182.0,50% Profit Exit
2025-12-04,GAIL,Bear Put Spread,170/165 PE,2025-12-30,3,1.62,2025-12-30,0.0,-15309.0,Expiry
2023-09-25,GLENMARK,Bear Put Spread,790/770 PE,2023-10-26,52,7.55,2023-10-23,16.7,23790.0,50% Profit Exit
2023-09-26,GLENMARK,Bear Put Spread,760/740 PE,2023-10-26,47,8.35,2023-10-26,11.35,7050.0,Expiry
2024-01-15,GMRINFRA,Bear Put Spread,85/80 PE,2024-01-25,173,2.3,2024-01-25,5.0,23355.0,Expiry
2024-06-07,GNFC,Bull Call Spread,650/670 CE,2024-06-27,48,8.3,2024-06-27,21.6,31920.0,50% Profit Exit
2024-06-10,GNFC,Bull Call Spread,670/690 CE,2024-06-27,52,7.65,2024-06-25,18.55,28340.0,50% Profit Exit
2024-06-11,GNFC,Bull Call Spread,680/710 CE,2024-06-27,32,12.5,2024-06-27,0.0,-20000.0,Expiry
2024-10-07,GNFC,Bear Put Spread,640/620 PE,2024-10-31,2,7.35,2024-10-29,16.15,22880.0,50% Profit Exit
2024-08-05,GODREJPROP,Bear Put Spread,2850/2800 PE,2024-08-29,4,22.2,2024-08-29,0.0,-19980.0,Expiry
2024-07-05,GRANULES,Bull Call Spread,530/540 CE,2024-07-25,101,3.95,2024-07-25,10.0,30552.5,Expiry
2024-05-23,HAL,Bull Call Spread,4950/5100 CE,2024-05-30,7,54.35,2024-05-30,24.35,-10500.0,Expiry
2024-06-07,HAL,Bull Call Spread,4750/4900 CE,2024-06-27,6,61.5,2024-06-27,150.0,26550.0,Expiry
2024-06-10,HAL,Bull Call Spread,4850/4950 CE,2024-06-27,9,40.2,2024-06-27,100.0,26910.0,Expiry
2024-06-11,HAL,Bull Call Spread,4900/5000 CE,2024-06-27,10,37.85,2024-06-27,100.0,31075.0,Expiry
2024-03-20,HDFCAMC,Bear Put Spread,3600/3500 PE,2024-03-28,10,36.7,2024-03-28,0.0,-18350.0,Expiry
2023-09-22,HDFCBANK,Bear Put Spread,1550/1500 PE,2023-09-28,21,18.7,2023-09-28,25.65,7297.5,Expiry
2024-01-19,HDFCBANK,Bear Put Spread,1500/1450 PE,2024-01-25,16,23.9,2024-01-25,50.0,20880.0,Expiry
2024-01-23,HDFCBANK,Bear Put Spread,1450/1400 PE,2024-02-29,18,21.7,2024-02-29,48.25,23895.0,Expiry
2024-04-16,HDFCLIFE,Bear Put Spread,610/590 PE,2024-04-25,45,8.75,2024-04-24,15.35,14850.0,50% Profit Exit
2024-05-07,HDFCLIFE,Bear Put Spread,560/540 PE,2024-05-30,45,8.75,2024-05-30,9.6,1912.5,Expiry
2024-02-06,HEROMOTOCO,Bull Call Spread,4700/4850 CE,2024-02-29,6,62.5,2024-02-29,0.0,-18750.0,Expiry
2024-04-15,HEROMOTOCO,Bear Put Spread,4400/4250 PE,2024-04-25,7,50.7,2024-04-25,0.0,-17745.0,Expiry
2024-04-16,HEROMOTOCO,Bear Put Spread,4300/4200 PE,2024-04-25,13,30.15,2024-04-25,0.0,-19597.5,Expiry
2024-04-18,HEROMOTOCO,Bear Put Spread,4250/4150 PE,2024-04-25,12,32.45,2024-04-25,0.0,-19470.0,Expiry
2024-04-19,HEROMOTOCO,Bear Put Spread,4200/4100 PE,2024-04-25,16,24.35,2024-04-25,0.0,-19480.0,Expiry
2025-06-17,HFCL,Bear Put Spread,85/80 PE,2025-06-26,1,2.8,2025-06-26,0.0,-11620.0,Expiry
2023-09-04,HINDCOPPER,Bull Call Spread,170/175 CE,2023-09-28,190,2.1,2023-09-28,0.0,-19950.0,Expiry
2024-01-30,HINDCOPPER,Bull Call Spread,290/295 CE,2024-02-29,190,2.1,2024-02-07,4.45,22325.0,50% Profit Exit
2024-01-31,HINDCOPPER,Bull Call Spread,290/300 CE,2024-02-29,94,4.25,2024-02-29,0.0,-19975.0,Expiry
2024-02-02,HINDCOPPER,Bull Call Spread,305/310 CE,2024-02-29,170,2.35,2024-02-29,0.0,-19975.0,Expiry
2024-05-24,HINDCOPPER,Bear Put Spread,370/360 PE,2024-05-30,74,5.4,2024-05-30,11.2,21460.0,50% Profit Exit
2024-05-24,HINDPETRO,Bull Call Spread,540/560 CE,2024-05-30,54,7.3,2024-05-30,0.0,-19710.0,Expiry
2024-06-07,HINDPETRO,Bull Call Spread,530/540 CE,2024-06-27,89,4.45,2024-06-27,0.0,-19802.5,Expiry
2024-06-25,HINDPETRO,Bear Put Spread,335/325 PE,2024-07-25,95,4.2,2024-07-25,0.0,-19950.0,Expiry
2025-06-09,HINDZINC,Bull Call Spread,530/540 CE,2025-06-26,4,3.75,2025-06-26,0.0,-18375.0,Expiry
2025-06-10,HINDZINC,Bull Call Spread,540/550 CE,2025-06-26,4,3.55,2025-06-26,0.0,-17395.0,Expiry
2025-06-19,HINDZINC,Bear Put Spread,440/430 PE,2025-06-26,3,4.15,2025-06-26,0.0,-15251.25,Expiry
2025-10-21,HINDZINC,Bear Put Spread,485/470 PE,2025-10-28,2,6.2,2025-10-28,13.9,18865.0,50% Profit Exit
2024-12-06,HUDCO,Bull Call Spread,250/255 CE,2024-12-26,4,1.95,2024-12-26,0.0,-18915.0,Expiry
2025-04-17,HUDCO,Bull Call Spread,230/235 CE,2025-04-24,4,1.7,2025-04-21,3.45,16975.0,50% Profit Exit
2025-04-21,HUDCO,Bull Call Spread,235/240 CE,2025-05-29,3,2.55,2025-05-29,4.85,16732.5,50% Profit Exit
2025-05-09,HUDCO,Bear Put Spread,210/205 PE,2025-05-29,4,2.05,2025-05-29,0.0,-19885.0,Expiry
2025-05-27,HUDCO,Bull Call Spread,240/245 CE,2025-06-26,3,2.4,2025-06-26,0.49,-13895.25,Expiry
2025-06-02,HUDCO,Bull Call Spread,250/255 CE,2025-06-26,3,2.15,2025-06-26,0.0,-15641.25,Expiry
2023-12-15,ICICIPRULI,Bear Put Spread,520/510 PE,2023-12-28,97,4.1,2023-12-28,0.0,-19885.0,Expiry
2024-01-17,ICICIPRULI,Bear Put Spread,520/500 PE,2024-01-25,44,8.95,2024-01-25,20.0,24310.0,Expiry
2024-01-18,ICICIPRULI,Bear Put Spread,485/470 PE,2024-01-25,78,5.1,2024-01-25,0.0,-19890.0,Expiry
2024-04-09,IDEA,Bear Put Spread,15/10 PE,2024-04-25,170,2.35,2024-04-25,1.1,-10625.0,Expiry
2024-06-11,IEX,Bull Call Spread,170/175 CE,2024-06-27,216,1.85,2024-06-27,5.0,34020.0,Expiry
2024-06-12,IEX,Bull Call Spread,175/180 CE,2024-06-27,210,1.9,2024-06-24,3.95,21525.0,50% Profit Exit
2024-06-13,IEX,Bull Call Spread,180/185 CE,2024-06-27,235,1.7,2024-06-27,0.0,-19975.0,Expiry
2024-06-14,IEX,Bull Call Spread,180/185 CE,2024-06-27,210,1.9,2024-06-27,0.0,-19950.0,Expiry
2024-06-18,IEX,Bull Call Spread,185/190 CE,2024-06-27,190,2.1,2024-06-27,0.0,-19950.0,Expiry
2023-09-08,IGL,Bull Call Spread,485/500 CE,2023-09-28,72,5.5,2023-09-28,0.0,-19800.0,Expiry
2024-05-06,IGL,Bear Put Spread,440/425 PE,2024-05-30,55,7.2,2024-05-30,0.0,-19800.0,Expiry
2024-05-07,IGL,Bear Put Spread,430/415 PE,2024-05-30,57,6.95,2024-05-30,0.0,-19807.5,Expiry
2024-10-21,IGL,Bear Put Spread,440/430 PE,2024-10-31,3,3.95,2024-10-25,8.9,20418.75,50% Profit Exit
2025-07-25,IGL,Bear Put Spread,200/195 PE,2025-07-31,4,1.65,2025-07-31,0.0,-18150.0,Expiry
2025-07-02,IIFL,Bear Put Spread,470/455 PE,2025-07-31,1,6.65,2025-07-31,0.0,-10972.5,Expiry
2025-12-24,IIFL,Bull Call Spread,600/620 CE,2025-12-30,1,6.15,2025-12-30,1.5,-7672.5,Expiry
2024-03-13,INDHOTEL,Bear Put Spread,550/530 PE,2024-03-28,51,7.75,2024-03-28,0.0,-19762.5,Expiry
2025-07-01,INDHOTEL,Bear Put Spread,760/740 PE,2025-07-31,2,7.85,2025-07-31,20.25,24800.0,50% Profit Exit
2025-07-02,INDHOTEL,Bear Put Spread,760/740 PE,2025-07-31,2,8.75,2025-07-31,20.25,23000.0,50% Profit Exit
2025-07-03,INDHOTEL,Bear Put Spread,760/730 PE,2025-07-31,1,14.15,2025-07-31,20.9,6750.0,Expiry
2026-01-09,INDHOTEL,Bear Put Spread,700/680 PE,2026-01-27,2,8.8,2026-01-27,20.0,22400.0,Expiry
2025-12-04,INDIANB,Bear Put Spread,810/790 PE,2025-12-30,2,9.3,2025-12-17,14.7,10800.0,50% Profit Exit
2025-12-08,INDIGO,Bear Put Spread,4950/4800 PE,2025-12-30,2,53.7,2025-12-30,0.0,-16110.0,Expiry
2025-08-01,INDUSINDBK,Bear Put Spread,800/770 PE,2025-08-28,2,13.55,2025-08-21,22.7,12810.0,50% Profit Exit
2024-01-05,INDUSTOWER,Bull Call Spread,225/230 CE,2024-01-25,210,1.9,2024-01-25,0.4,-15750.0,Expiry
2024-02-05,INDUSTOWER,Bear Put Spread,215/210 PE,2024-02-29,800,0.5,2024-02-29,0.0,-20000.0,Expiry
2025-08-22,INDUSTOWER,Bull Call Spread,355/365 CE,2025-08-28,4,2.8,2025-08-28,0.0,-19040.0,Expiry
2025-04-23,INOXWIND,Bull Call Spread,175/180 CE,2025-05-29,2,2.1,2025-05-21,4.0,12255.0,50% Profit Exit
2025-04-24,INOXWIND,Bull Call Spread,180/185 CE,2025-05-29,2,2.2,2025-05-27,4.95,17737.5,50% Profit Exit
2026-02-18,INOXWIND,Bear Put Spread,100/95 PE,2026-02-24,2,1.97,2026-02-23,3.87,13585.0,50% Profit Exit
2024-05-07,IOC,Bear Put Spread,160/155 PE,2024-05-30,190,2.1,2024-05-30,0.0,-19950.0,Expiry
2024-07-29,IOC,Bull Call Spread,180/185 CE,2024-08-29,1,2.2,2024-08-29,0.0,-10725.0,Expiry
2023-09-21,IPCALAB,Bear Put Spread,900/870 PE,2023-09-28,40,9.95,2023-09-28,0.0,-19900.0,Expiry
2023-09-22,IPCALAB,Bear Put Spread,890/870 PE,2023-09-28,80,4.95,2023-09-28,0.0,-19800.0,Expiry
2024-02-07,IPCALAB,Bull Call Spread,1200/1250 CE,2024-02-29,18,21.45,2024-02-29,0.0,-19305.0,Expiry
2026-01-12,IRCTC,Bear Put Spread,630/620 PE,2026-01-27,6,3.75,2026-01-20,8.55,25200.0,50% Profit Exit
2026-01-14,IRCTC,Bear Put Spread,630/610 PE,2026-01-27,2,8.5,2026-01-20,14.25,10062.5,50% Profit Exit
2025-06-06,IREDA,Bull Call Spread,170/175 CE,2025-06-26,3,2.0,2025-06-26,2.28,2436.0,Expiry
2025-06-09,IREDA,Bull Call Spread,175/180 CE,2025-06-26,3,2.05,2025-06-26,0.0,-17835.0,Expiry
2025-09-24,IREDA,Bear Put Spread,150/145 PE,2025-09-30,8,0.65,2025-09-26,3.55,80040.0,50% Profit Exit
2024-12-06,IRFC,Bull Call Spread,160/165 CE,2024-12-26,3,1.85,2024-12-26,0.0,-19563.75,Expiry
2026-01-06,ITC,Bear Put Spread,345/335 PE,2026-01-27,3,3.5,2026-01-27,10.0,31200.0,Expiry
2024-12-10,JIOFIN,Bear Put Spread,335/325 PE,2024-12-26,3,3.7,2024-12-18,7.1,16830.0,50% Profit Exit
2023-08-09,JKCEMENT,Bull Call Spread,3400/3500 CE,2023-08-31,9,40.75,2023-08-31,0.0,-18337.5,Expiry
2024-01-10,JKCEMENT,Bull Call Spread,4050/4200 CE,2024-01-25,6,64.05,2024-01-25,111.1,14115.0,Expiry
2024-07-05,JKCEMENT,Bear Put Spread,4200/4100 PE,2024-07-25,9,43.55,2024-07-25,0.0,-19597.5,Expiry
2025-03-25,JSL,Bear Put Spread,590/570 PE,2025-04-24,2,8.75,2025-04-15,16.8,12477.5,50% Profit Exit
2025-07-10,JSWENERGY,Bull Call Spread,540/550 CE,2025-07-31,5,3.65,2025-07-31,0.0,-18250.0,Expiry
2024-03-15,JSWSTEEL,Bear Put Spread,780/760 PE,2024-03-28,57,6.95,2024-03-28,0.0,-19807.5,Expiry
2023-09-18,JUBLFOOD,Bull Call Spread,540/550 CE,2023-09-28,117,3.4,2023-09-27,8.65,30712.5,50% Profit Exit
2024-05-24,JUBLFOOD,Bear Put Spread,460/445 PE,2024-05-30,79,5.05,2024-05-30,0.0,-19947.5,Expiry
2025-05-16,JUBLFOOD,Bear Put Spread,680/660 PE,2025-05-29,1,8.95,2025-05-28,16.3,9187.5,50% Profit Exit
2025-06-11,KALYANKJIL,Bear Put Spread,540/520 PE,2025-06-26,2,8.7,2025-06-17,15.35,10307.5,50% Profit Exit
2025-06-12,KALYANKJIL,Bear Put Spread,520/510 PE,2025-06-26,5,4.4,2025-06-26,0.0,-17050.0,Expiry
2025-07-02,KALYANKJIL,Bull Call Spread,590/610 CE,2025-07-31,2,8.0,2025-07-30,14.0,14100.0,50% Profit Exit
2025-07-11,KEI,Bear Put Spread,3650/3550 PE,2025-07-31,2,52.9,2025-07-31,0.0,-18515.0,Expiry
2025-10-07,KEI,Bull Call Spread,4200/4350 CE,2025-10-28,1,63.4,2025-10-28,0.0,-11095.0,Expiry
2026-02-04,KEI,Bull Call Spread,4400/4550 CE,2026-02-24,1,65.1,2026-02-17,110.0,7857.5,50% Profit Exit
2025-07-29,KFINTECH,Bear Put Spread,1150/1100 PE,2025-08-28,1,23.9,2025-08-26,51.7,12510.0,50% Profit Exit
2025-07-31,KFINTECH,Bear Put Spread,1100/1050 PE,2025-08-28,1,25.55,2025-08-26,41.1,6997.5,50% Profit Exit
2026-02-04,KPITTECH,Bear Put Spread,980/950 PE,2026-02-24,3,11.95,2026-02-24,30.0,23013.75,Expiry
2024-03-13,L&TFH,Bear Put Spread,150/145 PE,2024-03-28,160,2.5,2024-03-28,0.0,-20000.0,Expiry
2024-10-16,LALPATHLAB,Bear Put Spread,3350/3250 PE,2024-10-31,1,42.45,2024-10-31,100.0,17265.0,Expiry
2024-12-10,LALPATHLAB,Bull Call Spread,3150/3250 CE,2024-12-26,3,40.65,2024-12-26,0.0,-18292.5,Expiry
2024-06-10,LAURUSLABS,Bull Call Spread,445/460 CE,2024-06-27,71,5.6,2024-06-27,0.0,-19880.0,Expiry
2024-08-21,LAURUSLABS,Bull Call Spread,445/460 CE,2024-08-29,2,4.85,2024-08-28,13.85,30600.0,50% Profit Exit
2024-08-22,LAURUSLABS,Bull Call Spread,450/465 CE,2024-08-29,2,4.15,2024-08-29,8.1,13430.0,Expiry
2024-03-19,LICHSGFIN,Bear Put Spread,570/560 PE,2024-03-28,115,3.45,2024-03-28,0.0,-19837.5,Expiry
2025-07-28,LICHSGFIN,Bear Put Spread,590/570 PE,2025-08-28,2,9.2,2025-08-14,16.05,13700.0,50% Profit Exit
2025-10-23,LICI,Bull Call Spread,910/930 CE,2025-10-28,7,3.65,2025-10-28,0.0,-17885.0,Expiry
2024-10-11,LTF,Bear Put Spread,165/160 PE,2024-10-31,2,2.15,2024-10-31,5.0,25433.4,Expiry
2025-06-19,LTF,Bear Put Spread,185/180 PE,2025-06-26,3,1.25,2025-06-26,0.0,-16732.5,Expiry
2025-09-17,LTF,Bull Call Spread,245/250 CE,2025-09-30,2,1.95,2025-09-30,4.2,20079.0,50% Profit Exit
2025-09-18,LTF,Bull Call Spread,250/255 CE,2025-09-30,2,1.8,2025-09-30,0.0,-16063.2,Expiry
2024-04-19,LTTS,Bear Put Spread,5250/5100 PE,2024-04-25,7,53.8,2024-04-25,70.05,5687.5,Expiry
2024-04-22,LTTS,Bear Put Spread,5200/5050 PE,2024-05-30,4,87.75,2024-05-30,150.0,12450.0,Expiry
2024-04-30,LTTS,Bear Put Spread,4600/4500 PE,2024-05-30,9,44.05,2024-05-30,64.65,9270.0,Expiry
2024-08-05,M&M,Bear Put Spread,2700/2600 PE,2024-08-29,1,36.9,2024-08-29,0.0,-12915.0,Expiry
2024-08-06,M&M,Bear Put Spread,2650/2550 PE,2024-08-29,1,35.6,2024-08-29,0.0,-12460.0,Expiry
2024-09-06,M&M,Bear Put Spread,2750/2650 PE,2024-09-26,1,49.3,2024-09-26,0.0,-17255.0,Expiry
2024-04-23,M&MFIN,Bear Put Spread,265/255 PE,2024-05-30,74,5.35,2024-04-25,8.0,9805.0,50% Profit Exit
2024-04-24,M&MFIN,Bear Put Spread,260/250 PE,2024-05-30,74,5.4,2024-05-30,0.0,-19980.0,Expiry
2025-05-16,M&MFIN,Bull Call Spread,265/275 CE,2025-05-29,2,4.0,2025-05-29,0.0,-16448.0,Expiry
2023-09-07,MANAPPURAM,Bear Put Spread,145/140 PE,2023-09-28,275,1.45,2023-09-26,3.8,32312.5,50% Profit Exit
2023-09-29,MANAPPURAM,Bull Call Spread,150/155 CE,2023-10-26,177,2.25,2023-10-26,0.0,-19912.5,Expiry
2025-08-19,MANAPPURAM,Bull Call Spread,270/280 CE,2025-08-28,2,3.15,2025-08-28,0.0,-18900.0,Expiry
2025-06-17,MANKIND,Bear Put Spread,2350/2300 PE,2025-06-26,4,20.05,2025-06-20,38.3,16425.0,50% Profit Exit
2025-11-07,MANKIND,Bear Put Spread,2250/2200 PE,2025-11-25,5,17.25,2025-11-25,13.7,-3993.75,Expiry
2025-11-10,MANKIND,Bear Put Spread,2250/2200 PE,2025-11-25,3,22.45,2025-11-25,13.7,-5906.25,Expiry
2025-06-13,MAZDOCK,Bear Put Spread,3200/3100 PE,2025-06-26,2,42.35,2025-06-26,74.25,11165.0,50% Profit Exit
2024-02-19,MCX,Bull Call Spread,3700/3800 CE,2024-02-29,10,38.95,2024-02-29,68.6,14825.0,Expiry
2024-03-22,MCX,Bull Call Spread,3350/3450 CE,2024-03-28,16,24.45,2024-03-28,0.0,-19560.0,Expiry
2024-03-26,MCX,Bull Call Spread,3400/3500 CE,2024-04-25,10,39.7,2024-04-25,100.0,30150.0,Expiry
2024-03-11,MGL,Bear Put Spread,1300/1250 PE,2024-03-28,18,21.75,2024-03-28,0.0,-19575.0,Expiry
2024-03-26,MOTHERSON,Bull Call Spread,115/120 CE,2024-04-25,163,2.45,2024-04-25,5.0,20782.5,Expiry
2024-03-12,MPHASIS,Bear Put Spread,2450/2350 PE,2024-03-28,44,8.95,2024-03-26,62.2,117150.0,50% Profit Exit
2024-03-13,MPHASIS,Bear Put Spread,2400/2300 PE,2024-03-28,10,36.55,2024-03-28,9.0,-13775.0,Expiry
2024-08-21,MPHASIS,Bull Call Spread,3050/3150 CE,2024-08-29,2,29.7,2024-08-29,72.0,23265.0,Expiry
2024-08-22,MPHASIS,Bull Call Spread,3100/3200 CE,2024-08-29,2,25.5,2024-08-29,22.0,-1925.0,Expiry
2025-11-21,MPHASIS,Bull Call Spread,2800/2850 CE,2025-12-30,3,19.6,2025-12-05,35.85,13406.25,50% Profit Exit
2025-08-21,MUTHOOTFIN,Bear Put Spread,2700/2600 PE,2025-08-28,2,36.3,2025-08-28,27.7,-4730.0,Expiry
2025-10-24,MUTHOOTFIN,Bear Put Spread,3150/3050 PE,2025-11-25,1,40.6,2025-11-25,0.0,-11165.0,Expiry
2025-11-17,MUTHOOTFIN,Bull Call Spread,3800/3900 CE,2025-11-25,2,26.5,2025-11-25,0.0,-14575.0,Expiry
2026-02-10,MUTHOOTFIN,Bull Call Spread,3900/4050 CE,2026-02-24,1,59.3,2026-02-24,0.0,-16307.5,Expiry
2026-02-11,MUTHOOTFIN,Bull Call Spread,3950/4100 CE,2026-02-24,1,57.0,2026-02-24,0.0,-15675.0,Expiry
2026-02-12,MUTHOOTFIN,Bull Call Spread,4100/4200 CE,2026-02-24,1,38.5,2026-02-24,0.0,-10587.5,Expiry
2024-08-05,NATIONALUM,Bear Put Spread,175/170 PE,2024-08-29,2,2.2,2024-08-14,3.8,12000.0,50% Profit Exit
2024-08-14,NATIONALUM,Bear Put Spread,165/160 PE,2024-08-29,3,1.65,2024-08-29,0.0,-18562.5,Expiry
2025-03-27,NATIONALUM,Bear Put Spread,180/175 PE,2025-04-24,2,2.3,2025-04-24,5.0,20250.0,Expiry
2025-03-28,NATIONALUM,Bear Put Spread,175/170 PE,2025-04-24,2,2.1,2025-04-04,3.85,13125.0,50% Profit Exit
2024-08-14,NAVINFLUOR,Bear Put Spread,3250/3150 PE,2024-08-29,3,35.9,2024-08-29,0.0,-18847.5,Expiry
2025-04-17,NBCC,Bull Call Spread,95/100 CE,2025-04-24,1,2.4,2025-04-24,5.0,15080.0,Expiry
2024-12-12,NCC,Bear Put Spread,305/295 PE,2024-12-26,2,4.95,2024-12-20,8.75,13490.0,50% Profit Exit
2025-03-24,NCC,Bull Call Spread,210/215 CE,2025-04-24,5,1.95,2025-04-17,3.5,13756.25,50% Profit Exit
2023-07-14,NIFTY,Bull Call Spread,19600/19750 CE,2023-07-27,6,65.8,2023-07-26,113.6,14340.0,50% Profit Exit
2023-07-17,NIFTY,Bull Call Spread,19700/19850 CE,2023-07-27,5,71.75,2023-07-27,0.0,-17937.5,Expiry
2023-07-19,NIFTY,Bull Call Spread,19800/19950 CE,2023-07-27,5,72.15,2023-07-27,0.0,-18037.5,Expiry
2023-07-21,NIFTY,Bear Put Spread,19800/19650 PE,2023-07-27,6,62.95,2023-07-27,147.25,25290.0,50% Profit Exit
2023-07-24,NIFTY,Bear Put Spread,19700/19550 PE,2023-08-31,7,53.35,2023-08-31,150.0,33827.5,Expiry
2023-08-04,NIFTY,Bull Call Spread,19600/19750 CE,2023-08-31,5,67.35,2023-08-31,0.0,-16837.5,Expiry
2023-08-08,NIFTY,Bear Put Spread,19600/19450 PE,2023-08-31,7,57.05,2023-08-31,150.0,32532.5,Expiry
2023-08-09,NIFTY,Bull Call Spread,19700/19850 CE,2023-08-31,5,69.0,2023-08-31,0.0,-17250.0,Expiry
2023-08-17,NIFTY,Bear Put Spread,19400/19250 PE,2023-08-31,6,58.2,2023-08-31,142.1,25170.0,50% Profit Exit
2023-08-25,NIFTY,Bear Put Spread,19300/19150 PE,2023-08-31,6,63.65,2023-08-31,48.0,-4695.0,Expiry
2023-08-28,NIFTY,Bull Call Spread,19300/19450 CE,2023-09-28,4,89.75,2023-09-28,150.0,12050.0,Expiry
2023-08-31,NIFTY,Bear Put Spread,19300/19150 PE,2023-09-28,8,46.15,2023-09-28,0.0,-18460.0,Expiry
2023-09-11,NIFTY,Bull Call Spread,20000/20150 CE,2023-09-28,5,75.7,2023-09-28,0.0,-18925.0,Expiry
2023-09-13,NIFTY,Bull Call Spread,20100/20250 CE,2023-09-28,5,74.1,2023-09-28,0.0,-18525.0,Expiry
2023-09-15,NIFTY,Bull Call Spread,20200/20350 CE,2023-09-28,5,77.2,2023-09-28,0.0,-19300.0,Expiry
2023-09-18,NIFTY,Bear Put Spread,20200/20050 PE,2023-09-28,6,57.25,2023-09-28,150.0,27825.0,Expiry
2023-09-26,NIFTY,Bear Put Spread,19700/19550 PE,2023-10-26,7,50.35,2023-10-26,150.0,34877.5,Expiry
2023-09-27,NIFTY,Bull Call Spread,19700/19850 CE,2023-10-26,4,90.55,2023-10-26,0.0,-18110.0,Expiry
2023-09-28,NIFTY,Bear Put Spread,19500/19350 PE,2023-10-26,7,50.8,2023-10-26,150.0,34720.0,Expiry
2023-10-06,NIFTY,Bull Call Spread,19700/19850 CE,2023-10-26,5,68.3,2023-10-26,0.0,-17075.0,Expiry
2023-10-10,NIFTY,Bull Call Spread,19700/19850 CE,2023-10-26,5,77.35,2023-10-26,0.0,-19337.5,Expiry
2023-10-17,NIFTY,Bull Call Spread,19800/19950 CE,2023-10-26,5,68.8,2023-10-26,0.0,-17200.0,Expiry
2023-10-18,NIFTY,Bear Put Spread,19700/19550 PE,2023-10-26,7,56.65,2023-10-26,150.0,32672.5,Expiry
2023-10-19,NIFTY,Bear Put Spread,19600/19450 PE,2023-10-26,8,48.95,2023-10-26,150.0,40420.0,Expiry
2023-10-23,NIFTY,Bear Put Spread,19300/19150 PE,2023-11-30,6,57.25,2023-11-30,0.0,-17175.0,Expiry
2023-10-26,NIFTY,Bear Put Spread,18900/18750 PE,2023-11-30,7,55.55,2023-11-30,0.0,-19442.5,Expiry
2023-11-01,NIFTY,Bear Put Spread,19100/18950 PE,2023-11-30,6,61.8,2023-11-30,0.0,-18540.0,Expiry
2023-11-02,NIFTY,Bull Call Spread,19200/19350 CE,2023-11-30,5,76.3,2023-11-30,150.0,18425.0,Expiry
2023-11-03,NIFTY,Bull Call Spread,19300/19450 CE,2023-11-30,5,71.4,2023-11-30,150.0,19650.0,Expiry
2023-11-15,NIFTY,Bull Call Spread,19700/19850 CE,2023-11-30,5,68.65,2023-11-30,150.0,20337.5,Expiry
2023-11-16,NIFTY,Bull Call Spread,19800/19950 CE,2023-11-30,5,69.95,2023-11-30,150.0,20012.5,Expiry
2023-11-22,NIFTY,Bull Call Spread,19900/20050 CE,2023-11-30,6,58.65,2023-11-30,150.0,27405.0,Expiry
2023-11-28,NIFTY,Bull Call Spread,19900/20050 CE,2023-12-28,4,92.15,2023-12-28,150.0,11570.0,Expiry
2023-11-29,NIFTY,Bull Call Spread,20100/20250 CE,2023-12-28,4,88.5,2023-12-28,150.0,12300.0,Expiry
2023-12-06,NIFTY,Bull Call Spread,21000/21150 CE,2023-12-28,5,74.45,2023-12-28,150.0,18887.5,Expiry
2023-12-08,NIFTY,Bull Call Spread,21100/21250 CE,2023-12-28,6,62.3,2023-12-28,150.0,26310.0,Expiry
2023-12-12,NIFTY,Bear Put Spread,21000/20850 PE,2023-12-28,6,57.45,2023-12-28,0.0,-17235.0,Expiry
2023-12-14,NIFTY,Bull Call Spread,21300/21450 CE,2023-12-28,5,71.5,2023-12-28,150.0,19625.0,Expiry
2023-12-18,NIFTY,Bear Put Spread,21500/21350 PE,2023-12-28,6,60.5,2023-12-28,0.0,-18150.0,Expiry
2023-12-19,NIFTY,Bull Call Spread,21500/21650 CE,2023-12-28,5,68.15,2023-12-28,150.0,20462.5,Expiry
2023-12-20,NIFTY,Bear Put Spread,21200/21050 PE,2023-12-28,7,53.3,2023-12-28,0.0,-18655.0,Expiry
2023-12-27,NIFTY,Bull Call Spread,21700/21850 CE,2024-01-25,4,87.55,2024-01-25,0.0,-17510.0,Expiry
2024-01-09,NIFTY,Bull Call Spread,21600/21750 CE,2024-01-25,5,73.05,2024-01-25,0.0,-18262.5,Expiry
2024-01-11,NIFTY,Bear Put Spread,21700/21550 PE,2024-01-25,6,64.5,2024-01-25,150.0,25650.0,Expiry
2024-01-12,NIFTY,Bull Call Spread,21900/22050 CE,2024-01-25,4,80.9,2024-01-25,0.0,-16180.0,Expiry
2024-01-15,NIFTY,Bull Call Spread,22100/22250 CE,2024-01-25,5,74.2,2024-01-25,0.0,-18550.0,Expiry
2024-01-23,NIFTY,Bear Put Spread,21200/21050 PE,2024-02-29,6,59.4,2024-02-29,0.0,-17820.0,Expiry
2024-01-24,NIFTY,Bull Call Spread,21500/21650 CE,2024-02-29,5,76.9,2024-02-29,150.0,18275.0,Expiry
2024-02-05,NIFTY,Bear Put Spread,21800/21650 PE,2024-02-29,6,64.2,2024-02-29,0.0,-19260.0,Expiry
2024-02-06,NIFTY,Bull Call Spread,22000/22150 CE,2024-02-29,5,74.45,2024-02-29,0.0,-18612.5,Expiry
2024-02-07,NIFTY,Bull Call Spread,22000/22150 CE,2024-02-29,5,72.25,2024-02-29,0.0,-18062.5,Expiry
2024-02-08,NIFTY,Bear Put Spread,21800/21650 PE,2024-02-29,6,62.2,2024-02-29,0.0,-18660.0,Expiry
2024-02-13,NIFTY,Bull Call Spread,21800/21950 CE,2024-02-29,5,75.1,2024-02-29,133.55,14612.5,50% Profit Exit
2024-02-16,NIFTY,Bull Call Spread,22100/22250 CE,2024-02-29,5,74.2,2024-02-29,0.0,-18550.0,Expiry
2024-02-20,NIFTY,Bull Call Spread,22200/22350 CE,2024-02-29,5,74.55,2024-02-29,0.0,-18637.5,Expiry
2024-02-21,NIFTY,Bear Put Spread,22100/21950 PE,2024-02-29,6,63.55,2024-02-29,129.6,19815.0,50% Profit Exit
2024-02-22,NIFTY,Bull Call Spread,22200/22350 CE,2024-02-29,5,74.05,2024-02-29,0.0,-18512.5,Expiry
2024-02-27,NIFTY,Bull Call Spread,22200/22350 CE,2024-03-28,4,85.9,2024-03-28,142.3,11280.0,Expiry
2024-02-28,NIFTY,Bear Put Spread,21900/21750 PE,2024-03-28,7,54.9,2024-03-28,0.0,-19215.0,Expiry
2024-03-06,NIFTY,Bull Call Spread,22600/22750 CE,2024-03-28,5,73.25,2024-03-28,0.0,-18312.5,Expiry
2024-03-07,NIFTY,Bear Put Spread,22600/22450 PE,2024-03-28,6,66.1,2024-03-28,150.0,25170.0,Expiry
2024-03-11,NIFTY,Bear Put Spread,22400/22250 PE,2024-03-28,6,60.35,2024-03-28,57.7,-795.0,Expiry
2024-03-12,NIFTY,Bull Call Spread,22400/22550 CE,2024-03-28,5,78.45,2024-03-28,0.0,-19612.5,Expiry
2024-03-13,NIFTY,Bear Put Spread,22100/21950 PE,2024-03-28,6,64.6,2024-03-28,0.0,-19380.0,Expiry
2024-03-19,NIFTY,Bear Put Spread,21900/21750 PE,2024-03-28,6,63.2,2024-03-28,0.0,-18960.0,Expiry
2024-03-20,NIFTY,Bull Call Spread,21900/22050 CE,2024-03-28,5,68.15,2024-03-28,150.0,20462.5,Expiry
2024-03-21,NIFTY,Bull Call Spread,22100/22250 CE,2024-03-28,6,66.0,2024-03-28,150.0,25200.0,Expiry
2024-03-28,NIFTY,Bull Call Spread,22300/22450 CE,2024-04-25,4,91.05,2024-04-25,150.0,11790.0,Expiry
2024-04-08,NIFTY,Bull Call Spread,22700/22850 CE,2024-04-25,5,79.65,2024-04-25,0.0,-19912.5,Expiry
2024-04-10,NIFTY,Bull Call Spread,22800/22950 CE,2024-04-25,5,74.3,2024-04-25,0.0,-18575.0,Expiry
2024-04-12,NIFTY,Bear Put Spread,22600/22450 PE,2024-04-25,6,58.6,2024-04-25,16.4,-12660.0,Expiry
2024-04-15,NIFTY,Bear Put Spread,22400/22250 PE,2024-04-25,6,63.6,2024-04-25,0.0,-19080.0,Expiry
2024-04-16,NIFTY,Bear Put Spread,22200/22050 PE,2024-04-25,6,61.8,2024-04-25,0.0,-18540.0,Expiry
2024-04-18,NIFTY,Bear Put Spread,22100/21950 PE,2024-04-25,5,68.9,2024-04-25,0.0,-17225.0,Expiry
2024-04-19,NIFTY,Bull Call Spread,22100/22250 CE,2024-04-25,5,77.8,2024-04-25,150.0,18050.0,Expiry
2024-04-24,NIFTY,Bull Call Spread,22400/22550 CE,2024-05-30,4,86.1,2024-05-30,82.5,-720.0,Expiry
2024-04-25,NIFTY,Bull Call Spread,22600/22750 CE,2024-05-30,5,79.9,2024-05-30,0.0,-19975.0,Expiry
2024-05-06,NIFTY,Bear Put Spread,22600/22450 PE,2024-05-30,5,66.75,2024-05-30,115.95,12300.0,50% Profit Exit
2024-05-07,NIFTY,Bear Put Spread,22400/22250 PE,2024-05-30,6,63.55,2024-05-30,0.0,-19065.0,Expiry
2024-05-09,NIFTY,Bear Put Spread,22100/21950 PE,2024-05-30,6,64.15,2024-05-30,0.0,-19245.0,Expiry
2024-05-10,NIFTY,Bull Call Spread,22100/22250 CE,2024-05-30,5,76.75,2024-05-30,150.0,18312.5,Expiry
2024-05-13,NIFTY,Bull Call Spread,22200/22350 CE,2024-05-30,5,69.25,2024-05-30,150.0,20187.5,Expiry
2024-05-14,NIFTY,Bull Call Spread,22300/22450 CE,2024-05-30,5,73.2,2024-05-30,150.0,19200.0,Expiry
2024-05-17,NIFTY,Bull Call Spread,22500/22650 CE,2024-05-30,5,70.25,2024-05-30,0.0,-17562.5,Expiry
2024-05-21,NIFTY,Bull Call Spread,22600/22750 CE,2024-05-30,5,70.8,2024-05-30,0.0,-17700.0,Expiry
2024-05-23,NIFTY,Bull Call Spread,23000/23150 CE,2024-05-30,5,67.9,2024-05-30,0.0,-16975.0,Expiry
2024-05-27,NIFTY,Bear Put Spread,23000/22850 PE,2024-06-27,7,56.15,2024-06-27,0.0,-19652.5,Expiry
2024-05-30,NIFTY,Bear Put Spread,22500/22350 PE,2024-06-27,6,62.3,2024-06-27,0.0,-18690.0,Expiry
2024-06-13,NIFTY,Bull Call Spread,23400/23550 CE,2024-06-27,5,68.9,2024-06-27,150.0,20275.0,Expiry
2024-06-19,NIFTY,Bear Put Spread,23500/23350 PE,2024-06-27,6,58.4,2024-06-27,0.0,-17520.0,Expiry
2024-06-20,NIFTY,Bull Call Spread,23600/23750 CE,2024-06-27,6,64.8,2024-06-27,150.0,25560.0,Expiry
2024-06-21,NIFTY,Bear Put Spread,23500/23350 PE,2024-06-27,6,58.55,2024-06-27,0.0,-17565.0,Expiry
2024-06-24,NIFTY,Bull Call Spread,23500/23650 CE,2024-07-25,4,88.35,2024-07-25,150.0,12330.0,Expiry
2024-06-25,NIFTY,Bull Call Spread,23700/23850 CE,2024-07-25,4,85.65,2024-07-25,150.0,12870.0,Expiry
2024-06-27,NIFTY,Bull Call Spread,24000/24150 CE,2024-07-25,4,81.45,2024-07-25,150.0,13710.0,Expiry
2024-07-15,NIFTY,Bear Put Spread,24600/24450 PE,2024-07-25,13,61.05,2024-07-25,150.0,28908.75,Expiry
2024-07-18,NIFTY,Bear Put Spread,24800/24650 PE,2024-07-25,13,60.1,2024-07-25,150.0,29217.5,Expiry
2024-07-24,NIFTY,Bear Put Spread,24400/24250 PE,2024-08-29,13,60.35,2024-08-29,0.0,-19613.75,Expiry
2024-08-02,NIFTY,Bear Put Spread,24800/24650 PE,2024-08-29,11,70.75,2024-08-29,0.0,-19456.25,Expiry
2024-08-22,NIFTY,Bear Put Spread,24800/24650 PE,2024-08-29,15,51.4,2024-08-29,0.0,-19275.0,Expiry
2024-08-27,NIFTY,Bear Put Spread,25000/24850 PE,2024-09-26,14,53.45,2024-09-26,0.0,-18707.5,Expiry
2024-08-28,NIFTY,Bull Call Spread,25000/25150 CE,2024-09-26,8,89.85,2024-09-26,150.0,12030.0,Expiry
2024-09-02,NIFTY,Bear Put Spread,25300/25150 PE,2024-09-26,14,56.6,2024-09-26,0.0,-19810.0,Expiry
2024-09-13,NIFTY,Bear Put Spread,25400/25250 PE,2024-09-26,13,60.75,2024-09-26,0.0,-19743.75,Expiry
2024-09-20,NIFTY,Bull Call Spread,25800/25950 CE,2024-09-26,12,62.35,2024-09-26,150.0,26295.0,Expiry
2024-09-23,NIFTY,Bull Call Spread,25900/26050 CE,2024-10-31,9,85.8,2024-10-31,0.0,-19305.0,Expiry
2024-09-24,NIFTY,Bull Call Spread,25900/26050 CE,2024-10-31,9,87.85,2024-10-31,0.0,-19766.25,Expiry
2024-10-10,NIFTY,Bear Put Spread,25100/24950 PE,2024-10-31,13,59.65,2024-10-31,150.0,29363.75,Expiry
2024-10-23,NIFTY,Bear Put Spread,24600/24450 PE,2024-10-31,10,73.25,2024-10-31,150.0,19187.5,Expiry
2024-10-24,NIFTY,Bear Put Spread,24500/24350 PE,2024-10-31,12,64.75,2024-10-31,150.0,25575.0,Expiry
2024-10-31,NIFTY,Bear Put Spread,24200/24050 PE,2024-11-28,14,54.6,2024-11-28,0.0,-19110.0,Expiry
2024-11-12,NIFTY,Bear Put Spread,24000/23850 PE,2024-11-28,12,62.2,2024-11-28,0.0,-18660.0,Expiry
2024-11-14,NIFTY,Bear Put Spread,23700/23550 PE,2024-11-28,11,67.5,2024-11-28,0.0,-18562.5,Expiry
2024-12-11,NIFTY,Bear Put Spread,24700/24550 PE,2024-12-26,13,57.25,2024-12-26,150.0,30143.75,Expiry
2024-12-16,NIFTY,Bear Put Spread,24700/24550 PE,2024-12-26,13,60.0,2024-12-26,150.0,29250.0,Expiry
2024-12-20,NIFTY,Bear Put Spread,23600/23450 PE,2024-12-26,13,60.3,2024-12-26,0.0,-19597.5,Expiry
2025-01-10,NIFTY,Bear Put Spread,23600/23450 PE,2025-01-30,10,74.4,2025-01-30,31.7,-10675.0,Expiry
2025-01-24,NIFTY,Bear Put Spread,23200/23050 PE,2025-01-30,11,72.45,2025-01-30,0.0,-19923.75,Expiry
2025-01-27,NIFTY,Bear Put Spread,23000/22850 PE,2025-02-27,3,66.95,2025-02-27,150.0,18686.25,Expiry
2025-02-18,NIFTY,Bear Put Spread,23000/22850 PE,2025-02-27,4,63.75,2025-02-27,150.0,25875.0,Expiry
2025-02-20,NIFTY,Bear Put Spread,22900/22750 PE,2025-02-27,4,54.6,2025-02-27,150.0,28620.0,Expiry
2025-02-21,NIFTY,Bear Put Spread,22800/22650 PE,2025-02-27,4,57.2,2025-02-27,116.35,17745.0,Expiry
2025-02-25,NIFTY,Bear Put Spread,22600/22450 PE,2025-03-27,5,52.8,2025-03-27,0.0,-19800.0,Expiry
2025-03-07,NIFTY,Bear Put Spread,22600/22450 PE,2025-03-27,4,57.6,2025-03-27,0.0,-17280.0,Expiry
2025-03-12,NIFTY,Bear Put Spread,22500/22350 PE,2025-03-27,4,58.25,2025-03-27,0.0,-17475.0,Expiry
2025-04-09,NIFTY,Bear Put Spread,22500/22350 PE,2025-04-30,4,57.8,2025-04-30,0.0,-17340.0,Expiry
2025-04-24,NIFTY,Bear Put Spread,24400/24250 PE,2025-04-30,3,76.9,2025-04-30,0.0,-17302.5,Expiry
2025-04-30,NIFTY,Bear Put Spread,24500/24350 PE,2025-05-29,4,60.65,2025-05-29,0.0,-18195.0,Expiry
2025-05-02,NIFTY,Bear Put Spread,24400/24250 PE,2025-05-29,4,57.65,2025-05-29,0.0,-17295.0,Expiry
2025-05-07,NIFTY,Bear Put Spread,24500/24350 PE,2025-05-29,4,58.25,2025-05-29,0.0,-17475.0,Expiry
2025-05-19,NIFTY,Bear Put Spread,25100/24950 PE,2025-05-29,3,75.25,2025-05-29,150.0,16818.75,Expiry
2025-05-27,NIFTY,Bear Put Spread,24900/24750 PE,2025-06-26,4,61.3,2025-06-26,0.0,-18390.0,Expiry
2025-06-17,NIFTY,Bear Put Spread,24900/24750 PE,2025-06-26,4,61.8,2025-06-26,0.0,-18540.0,Expiry
2025-07-09,NIFTY,Bear Put Spread,25600/25450 PE,2025-07-31,3,67.1,2025-07-31,150.0,18652.5,Expiry
2025-07-10,NIFTY,Bear Put Spread,25400/25250 PE,2025-07-31,4,61.8,2025-07-31,150.0,26460.0,Expiry
2025-07-15,NIFTY,Bear Put Spread,25300/25150 PE,2025-07-31,4,65.1,2025-07-31,150.0,25470.0,Expiry
2025-07-17,NIFTY,Bear Put Spread,25200/25050 PE,2025-07-31,4,63.75,2025-07-31,150.0,25875.0,Expiry
2025-07-21,NIFTY,Bear Put Spread,25100/24950 PE,2025-07-31,4,57.15,2025-07-31,150.0,27855.0,Expiry
2025-07-24,NIFTY,Bear Put Spread,25200/25050 PE,2025-07-31,3,78.7,2025-07-31,150.0,16042.5,Expiry
2025-07-25,NIFTY,Bear Put Spread,24900/24750 PE,2025-07-31,3,68.7,2025-07-31,128.1,13365.0,Expiry
2025-07-28,NIFTY,Bear Put Spread,24700/24550 PE,2025-08-28,4,56.5,2025-08-28,0.0,-16950.0,Expiry
2025-07-29,NIFTY,Bull Call Spread,24800/24950 CE,2025-08-28,3,86.3,2025-08-28,0.0,-19417.5,Expiry
2025-07-31,NIFTY,Bear Put Spread,24800/24650 PE,2025-08-28,4,58.4,2025-08-28,26.1,-9690.0,Expiry
2025-08-08,NIFTY,Bear Put Spread,24400/24250 PE,2025-08-28,4,56.45,2025-08-28,0.0,-16935.0,Expiry
2025-08-26,NIFTY,Bear Put Spread,24700/24550 PE,2025-09-30,5,52.45,2025-09-30,88.0,13331.25,Expiry
2025-09-08,NIFTY,Bear Put Spread,24900/24750 PE,2025-09-30,4,62.25,2025-09-30,150.0,26325.0,Expiry
2025-09-26,NIFTY,Bear Put Spread,24700/24550 PE,2025-10-28,4,56.65,2025-10-28,0.0,-16995.0,Expiry
2025-09-30,NIFTY,Bear Put Spread,24600/24450 PE,2025-10-28,5,51.25,2025-10-28,0.0,-19218.75,Expiry
2025-10-21,NIFTY,Bear Put Spread,25900/25750 PE,2025-10-28,4,54.7,2025-10-28,0.0,-16410.0,Expiry
2025-10-28,NIFTY,Bear Put Spread,26100/25950 PE,2025-11-25,3,67.25,2025-11-25,0.0,-15131.25,Expiry
2025-11-04,NIFTY,Bear Put Spread,25700/25550 PE,2025-11-25,4,63.95,2025-11-25,0.0,-19185.0,Expiry
2025-11-06,NIFTY,Bear Put Spread,25600/25450 PE,2025-11-25,4,59.95,2025-11-25,0.0,-17985.0,Expiry
2025-11-24,NIFTY,Bear Put Spread,26000/25850 PE,2025-12-30,4,54.45,2025-12-30,63.2,2625.0,Expiry
2025-12-03,NIFTY,Bear Put Spread,26100/25950 PE,2025-12-30,4,59.2,2025-12-29,109.05,14955.0,50% Profit Exit
2025-12-18,NIFTY,Bear Put Spread,25900/25750 PE,2025-12-30,4,61.85,2025-12-30,0.0,-18555.0,Expiry
2026-01-13,NIFTY,Bear Put Spread,25800/25650 PE,2026-01-27,4,64.7,2026-01-27,150.0,22178.0,Expiry
2026-01-23,NIFTY,Bear Put Spread,25200/25050 PE,2026-02-24,5,59.6,2026-02-24,0.0,-19370.0,Expiry
2026-01-27,NIFTY,Bear Put Spread,25200/25050 PE,2026-02-24,6,48.5,2026-02-24,0.0,-18915.0,Expiry
2026-03-04,NIFTY,Bear Put Spread,24600/24450 PE,2026-03-30,5,56.1,2026-03-30,150.0,30517.5,Expiry
2026-03-06,NIFTY,Bear Put Spread,24500/24350 PE,2026-03-30,5,53.9,2026-03-30,150.0,31232.5,Expiry
2026-03-25,NIFTY,Bull Call Spread,23300/23450 CE,2026-03-30,4,76.85,2026-03-30,0.0,-19981.0,Expiry
2024-03-15,NMDC,Bear Put Spread,200/195 PE,2024-03-28,166,2.4,2024-03-28,0.0,-19920.0,Expiry
2024-05-29,NTPC,Bear Put Spread,365/355 PE,2024-06-27,91,4.35,2024-06-27,0.0,-19792.5,Expiry
2025-09-24,NUVAMA,Bear Put Spread,6200/6000 PE,2025-09-30,4,60.05,2025-09-30,0.0,-18015.0,Expiry
2025-07-25,NYKAA,Bear Put Spread,210/205 PE,2025-07-31,7,0.9,2025-07-31,0.0,-19687.5,Expiry
2025-10-09,NYKAA,Bull Call Spread,265/270 CE,2025-10-28,3,1.9,2025-10-28,0.0,-17812.5,Expiry
2024-07-01,OFSS,Bull Call Spread,10300/10600 CE,2024-07-25,3,118.3,2024-07-25,300.0,27255.0,Expiry
2023-11-24,PEL,Bear Put Spread,890/870 PE,2023-11-30,88,4.5,2023-11-30,0.0,-19800.0,Expiry
2024-04-02,PEL,Bull Call Spread,870/900 CE,2024-04-25,33,12.05,2024-04-25,30.0,29617.5,Expiry
2023-09-06,PERSISTENT,Bull Call Spread,5950/6100 CE,2023-09-28,6,60.8,2023-09-28,0.0,-18240.0,Expiry
2024-08-05,PERSISTENT,Bear Put Spread,4600/4450 PE,2024-08-29,1,65.75,2024-08-29,0.0,-13150.0,Expiry
2024-04-12,PETRONET,Bull Call Spread,305/315 CE,2024-04-25,98,4.05,2024-04-25,0.0,-19845.0,Expiry
2025-06-24,PETRONET,Bull Call Spread,300/310 CE,2025-07-31,2,3.8,2025-07-15,7.2,12240.0,50% Profit Exit
2024-02-13,PFC,Bear Put Spread,420/405 PE,2024-02-29,60,6.65,2024-02-29,15.0,25050.0,Expiry
2024-03-19,PFC,Bear Put Spread,360/350 PE,2024-03-28,108,3.7,2024-03-28,0.0,-19980.0,Expiry
2024-09-11,PFC,Bear Put Spread,510/490 PE,2024-09-26,1,9.35,2024-09-17,14.95,7280.0,50% Profit Exit
2025-11-07,PFC,Bear Put Spread,380/370 PE,2025-11-25,4,3.7,2025-11-21,8.75,26260.0,50% Profit Exit
2025-07-16,PGEL,Bull Call Spread,840/860 CE,2025-07-31,3,7.55,2025-07-31,0.0,-15855.0,Expiry
2025-04-17,PHOENIXLTD,Bull Call Spread,1650/1700 CE,2025-04-24,5,11.4,2025-04-24,26.3,26075.0,Expiry
2025-06-10,PHOENIXLTD,Bull Call Spread,1650/1700 CE,2025-06-26,3,18.45,2025-06-26,0.0,-19372.5,Expiry
2025-06-11,PHOENIXLTD,Bull Call Spread,1650/1700 CE,2025-06-26,2,20.4,2025-06-26,0.0,-14280.0,Expiry
2023-08-09,PIIND,Bull Call Spread,3900/4000 CE,2023-08-31,10,39.95,2023-08-31,0.0,-19975.0,Expiry
2023-09-25,PIIND,Bear Put Spread,3400/3300 PE,2023-10-26,9,42.7,2023-10-26,102.35,26842.5,50% Profit Exit
2023-12-14,PIIND,Bear Put Spread,3400/3300 PE,2023-12-28,8,48.95,2023-12-28,0.0,-19580.0,Expiry
2024-05-17,PIIND,Bear Put Spread,3600/3450 PE,2024-05-30,4,89.65,2024-05-30,50.65,-7800.0,Expiry
2024-08-08,PIIND,Bull Call Spread,4450/4600 CE,2024-08-29,1,60.85,2024-08-29,32.6,-7062.5,Expiry
2024-08-09,PIIND,Bull Call Spread,4550/4650 CE,2024-08-29,2,31.9,2024-08-29,0.0,-15950.0,Expiry
2024-05-06,PNB,Bear Put Spread,130/125 PE,2024-05-30,156,2.55,2024-05-30,2.45,-780.0,Expiry
2024-05-07,PNB,Bear Put Spread,125/120 PE,2024-05-30,170,2.35,2024-05-30,0.0,-19975.0,Expiry
2025-07-25,POLICYBZR,Bear Put Spread,1800/1750 PE,2025-07-31,2,25.1,2025-07-31,0.0,-17570.0,Expiry
2023-07-20,POLYCAB,Bull Call Spread,4700/4850 CE,2023-07-27,4,95.25,2023-07-27,9.1,-17230.0,Expiry
2024-02-19,POLYCAB,Bull Call Spread,4750/4900 CE,2024-02-29,7,57.0,2024-02-29,0.0,-19950.0,Expiry
2024-07-10,POLYCAB,Bear Put Spread,6400/6200 PE,2024-07-25,1,93.65,2024-07-23,162.45,8600.0,50% Profit Exit
2026-01-16,POLYCAB,Bear Put Spread,7200/7000 PE,2026-01-27,1,82.2,2026-01-21,147.95,8218.75,50% Profit Exit
2023-12-05,POWERGRID,Bull Call Spread,225/230 CE,2023-12-28,242,1.65,2023-12-21,3.65,24200.0,50% Profit Exit
2023-12-06,POWERGRID,Bull Call Spread,225/230 CE,2023-12-28,216,1.85,2023-12-21,3.65,19440.0,50% Profit Exit
2026-01-14,POWERINDIA,Bear Put Spread,17000/16500 PE,2026-01-27,1,205.9,2026-01-23,390.4,9225.0,50% Profit Exit
2025-06-12,PPLPHARMA,Bear Put Spread,200/195 PE,2025-06-26,3,2.05,2025-06-19,3.85,13500.0,50% Profit Exit
2025-06-19,PPLPHARMA,Bear Put Spread,190/185 PE,2025-06-26,5,1.5,2025-06-26,0.0,-18750.0,Expiry
2025-09-24,PPLPHARMA,Bear Put Spread,200/190 PE,2025-09-30,1,4.35,2025-09-26,9.3,12375.0,50% Profit Exit
2026-01-07,PREMIERENE,Bear Put Spread,750/730 PE,2026-01-27,4,8.25,2026-01-27,20.0,27025.0,Expiry
2026-01-08,PREMIERENE,Bear Put Spread,730/700 PE,2026-01-27,2,13.9,2026-01-27,22.75,10177.5,50% Profit Exit
2026-01-09,PREMIERENE,Bear Put Spread,720/700 PE,2026-01-27,3,8.9,2026-01-27,13.2,7417.5,Expiry
2024-02-13,RAMCOCEM,Bear Put Spread,870/840 PE,2024-02-29,28,14.15,2024-02-29,30.1,22330.0,50% Profit Exit
2024-02-14,RAMCOCEM,Bear Put Spread,860/840 PE,2024-02-29,46,8.55,2024-02-28,17.1,19665.0,50% Profit Exit
2023-12-06,RBLBANK,Bull Call Spread,255/260 CE,2023-12-28,195,2.05,2023-12-20,5.2,30712.5,50% Profit Exit
2023-12-07,RBLBANK,Bull Call Spread,260/265 CE,2023-12-28,205,1.95,2023-12-27,3.6,16912.5,50% Profit Exit
2023-12-08,RBLBANK,Bull Call Spread,270/275 CE,2023-12-28,210,1.9,2023-12-14,3.5,16800.0,50% Profit Exit
2023-12-11,RBLBANK,Bull Call Spread,280/285 CE,2023-12-28,222,1.8,2023-12-28,0.0,-19980.0,Expiry
2024-06-25,RBLBANK,Bear Put Spread,255/245 PE,2024-07-25,86,4.6,2024-07-12,8.15,15265.0,50% Profit Exit
2024-06-07,RECLTD,Bull Call Spread,500/510 CE,2024-06-27,95,4.2,2024-06-14,7.95,17812.5,50% Profit Exit
2024-06-10,RECLTD,Bull Call Spread,510/530 CE,2024-06-27,47,8.5,2024-06-27,14.95,15157.5,50% Profit Exit
2024-09-11,RECLTD,Bear Put Spread,570/550 PE,2024-09-26,1,9.15,2024-09-20,16.4,14500.0,50% Profit Exit
2024-09-17,RECLTD,Bear Put Spread,550/530 PE,2024-09-26,1,7.9,2024-09-26,5.8,-4200.0,Expiry
2024-10-07,RELIANCE,Bear Put Spread,2800/2700 PE,2024-10-31,2,39.75,2024-10-31,100.0,30125.0,Expiry
2025-07-02,RVNL,Bear Put Spread,390/380 PE,2025-07-31,3,4.45,2025-07-22,7.7,13406.25,50% Profit Exit
2024-07-19,SAIL,Bear Put Spread,140/135 PE,2024-07-25,6,0.8,2024-07-25,0.0,-19200.0,Expiry
2023-09-21,SBICARD,Bear Put Spread,800/780 PE,2023-09-28,70,5.7,2023-09-28,19.35,47775.0,50% Profit Exit
2025-06-24,SBICARD,Bull Call Spread,980/1000 CE,2025-07-31,2,9.6,2025-07-31,0.0,-15360.0,Expiry
2025-10-07,SBICARD,Bull Call Spread,900/930 CE,2025-10-28,2,11.4,2025-10-28,0.0,-18240.0,Expiry
2024-03-22,SIEMENS,Bull Call Spread,5000/5150 CE,2024-03-28,8,45.45,2024-03-28,150.0,41820.0,Expiry
2024-03-26,SIEMENS,Bull Call Spread,5100/5250 CE,2024-04-25,2,143.95,2024-04-25,150.0,605.0,Expiry
2025-05-23,SOLARINDS,Bull Call Spread,15500/16000 CE,2025-05-29,1,139.95,2025-05-28,409.05,20182.5,50% Profit Exit
2025-05-15,SRF,Bear Put Spread,2900/2800 PE,2025-05-29,1,42.95,2025-05-29,7.2,-13406.25,Expiry
2024-01-17,SUNTV,Bear Put Spread,670/650 PE,2024-01-25,42,9.45,2024-01-25,20.0,22155.0,Expiry
2024-06-12,SUNTV,Bull Call Spread,780/800 CE,2024-06-27,50,7.85,2024-06-27,0.0,-19625.0,Expiry
2024-07-31,SUNTV,Bull Call Spread,910/930 CE,2024-08-29,1,6.85,2024-08-29,0.0,-10275.0,Expiry
2024-10-15,SUNTV,Bear Put Spread,770/750 PE,2024-10-31,2,6.15,2024-10-22,13.55,22200.0,50% Profit Exit
2025-08-18,SUZLON,Bear Put Spread,60/55 PE,2025-08-28,1,2.3,2025-08-28,3.43,9040.0,Expiry
2026-01-19,SWIGGY,Bear Put Spread,335/325 PE,2026-01-27,4,3.7,2026-01-22,9.0,27560.0,50% Profit Exit
2023-12-12,SYNGENE,Bear Put Spread,710/690 PE,2023-12-28,307,1.3,2023-12-13,11.25,152732.5,50% Profit Exit
2023-12-13,SYNGENE,Bear Put Spread,700/680 PE,2023-12-28,47,8.45,2023-12-28,0.0,-19857.5,Expiry
2024-04-18,SYNGENE,Bear Put Spread,710/680 PE,2024-04-25,34,11.65,2024-04-25,9.5,-3655.0,Expiry
2025-04-28,SYNGENE,Bear Put Spread,620/610 PE,2025-05-29,4,4.65,2025-05-29,0.0,-18600.0,Expiry
2023-07-18,TATACHEM,Bull Call Spread,990/1000 CE,2023-07-27,105,3.8,2023-07-26,7.1,17325.0,50% Profit Exit
2023-11-17,TATACHEM,Bull Call Spread,960/990 CE,2023-11-30,46,8.65,2023-11-30,10.4,4025.0,Expiry
2025-06-10,TATACHEM,Bull Call Spread,960/990 CE,2025-06-26,3,9.45,2025-06-26,0.0,-15592.5,Expiry
2025-09-23,TATAELXSI,Bear Put Spread,5500/5300 PE,2025-09-30,3,55.5,2025-09-26,174.25,35625.0,50% Profit Exit
2025-06-18,TATAMOTORS,Bear Put Spread,680/660 PE,2025-06-26,3,9.65,2025-06-26,0.0,-15922.5,Expiry
2024-03-13,TATAPOWER,Bear Put Spread,375/360 PE,2024-03-28,70,5.7,2024-03-28,0.0,-19950.0,Expiry
2024-09-25,TATAPOWER,Bull Call Spread,470/485 CE,2024-10-31,2,6.1,2024-10-31,0.0,-16470.0,Expiry
2023-12-15,TATASTEEL,Bull Call Spread,135/140 CE,2023-12-28,199,2.0,2023-12-28,2.9,8955.0,Expiry
2024-08-05,TATASTEEL,Bear Put Spread,150/145 PE,2024-08-29,1,1.95,2024-08-29,0.0,-10725.0,Expiry
2025-08-20,TATASTEEL,Bull Call Spread,160/165 CE,2025-08-28,1,2.4,2025-08-28,0.0,-13200.0,Expiry
2025-11-18,TATASTEEL,Bear Put Spread,175/170 PE,2025-11-25,1,2.47,2025-11-21,4.51,11220.0,50% Profit Exit
2025-05-02,TATATECH,Bear Put Spread,640/620 PE,2025-05-29,4,6.85,2025-05-29,0.0,-19180.0,Expiry
2025-07-21,TCS,Bear Put Spread,3200/3100 PE,2025-07-31,2,39.5,2025-07-31,100.0,21175.0,Expiry
2025-03-25,TIINDIA,Bear Put Spread,2750/2700 PE,2025-04-24,3,35.0,2025-04-21,44.45,4252.5,50% Profit Exit
2025-03-26,TIINDIA,Bear Put Spread,2750/2650 PE,2025-04-24,3,41.5,2025-04-07,92.1,22770.0,50% Profit Exit
2025-04-22,TIINDIA,Bull Call Spread,2650/2750 CE,2025-05-29,3,43.7,2025-05-29,100.0,25335.0,Expiry
2025-04-23,TIINDIA,Bull Call Spread,2700/2800 CE,2025-05-29,3,37.85,2025-05-29,100.0,27967.5,Expiry
2025-09-10,TIINDIA,Bull Call Spread,3250/3350 CE,2025-09-30,2,39.05,2025-09-18,69.85,12320.0,50% Profit Exit
2025-12-04,TIINDIA,Bear Put Spread,2750/2650 PE,2025-12-30,2,46.55,2025-12-11,87.65,16440.0,50% Profit Exit
2025-12-05,TIINDIA,Bear Put Spread,2700/2600 PE,2025-12-30,2,41.75,2025-12-23,74.55,13120.0,50% Profit Exit
2025-12-08,TIINDIA,Bear Put Spread,2600/2500 PE,2025-12-30,2,40.55,2025-12-30,16.1,-9780.0,Expiry
2025-12-24,TIINDIA,Bear Put Spread,2600/2500 PE,2025-12-30,3,25.45,2025-12-30,16.1,-5610.0,Expiry
2025-07-24,TITAGARH,Bear Put Spread,900/880 PE,2025-07-31,4,6.8,2025-07-25,14.0,20880.0,50% Profit Exit
2024-07-08,TITAN,Bear Put Spread,3200/3100 PE,2024-07-25,2,42.8,2024-07-25,0.0,-14980.0,Expiry
2025-12-29,TVSMOTOR,Bear Put Spread,3600/3500 PE,2026-01-27,2,41.45,2026-01-27,19.8,-7577.5,Expiry
2024-06-13,ULTRACEMCO,Bull Call Spread,11200/11500 CE,2024-06-27,4,96.25,2024-06-27,300.0,40750.0,Expiry
2025-09-25,ULTRACEMCO,Bear Put Spread,12300/11900 PE,2025-09-30,2,149.9,2025-09-30,110.0,-3990.0,Expiry
2023-12-19,VOLTAS,Bull Call Spread,900/930 CE,2023-12-28,34,11.6,2023-12-28,30.0,31280.0,Expiry
2024-02-21,WIPRO,Bear Put Spread,520/510 PE,2024-02-29,97,4.1,2024-02-29,2.0,-10185.0,Expiry
2024-04-09,WIPRO,Bear Put Spread,475/460 PE,2024-04-25,62,6.45,2024-04-24,11.85,16740.0,50% Profit Exit
2024-04-16,WIPRO,Bear Put Spread,445/435 PE,2024-04-25,96,4.15,2024-04-25,0.0,-19920.0,Expiry
2023-09-22,ZYDUSLIFE,Bear Put Spread,600/580 PE,2023-09-28,55,7.15,2023-09-28,0.0,-19662.5,Expiry
2024-05-30,ZYDUSLIFE,Bear Put Spread,1000/990 PE,2024-06-27,87,4.55,2024-06-27,0.0,-19792.5,Expiry
2024-07-05,ZYDUSLIFE,Bull Call Spread,1150/1200 CE,2024-07-25,18,21.2,2024-07-25,50.0,25920.0,Expiry
2025-04-22,ZYDUSLIFE,Bull Call Spread,850/880 CE,2025-05-29,1,13.35,2025-05-29,30.0,14985.0,Expiry
