Ticker,Entry_Date,Exit_Date,Entry_Price,Exit_Price,Score,Reason,Return_Pct,Capital_Allocated,Position_Size_Pct,Profit_Amount
HAVELLS,2021-01-07,2021-01-11,955.8,1015.14,2.553,Target,5.75,150000.0,15.0,8625.0
ABB,2021-01-20,2021-02-02,1392.0,1493.68,2.369,Target,6.84,151293.75,15.0,10348.49
OLECTRA,2021-02-09,2021-02-12,173.2,192.57,2.556,Target,10.71,152846.02,15.0,16369.81
VEDL,2021-02-23,2021-03-08,168.2,186.28,2.561,Target,10.28,155301.5,15.0,15964.99
ASTRAL,2021-03-09,2021-03-10,1328.15,1412.84,2.518,Target,5.91,157696.24,15.0,9319.85
CHENNPETRO,2021-03-09,2021-03-12,122.5,112.91,2.241,Stop Loss,-8.27,140348.4,13.3,-11606.81
IIFL,2021-03-15,2021-03-18,306.0,304.65,3.352,Trend Death,-0.89,157353.2,15.0,-1400.44
AKZOINDIA,2021-03-17,2021-03-18,2415.0,2312.9,2.194,Stop Loss,-4.67,157353.2,15.0,-7348.39
NEULANDLAB,2021-04-08,2021-04-12,2468.0,2310.17,2.381,Stop Loss,-6.83,156040.87,15.0,-10657.59
POLYMED,2021-04-23,2021-05-05,1049.95,959.4,2.811,Stop Loss,-9.06,154442.24,15.0,-13992.47
ADANIENSOL,2021-05-10,2021-05-17,1197.9,1130.45,2.749,Stop Loss,-6.07,152343.37,15.0,-9247.24
COALINDIA,2021-05-11,2021-05-12,135.9,145.14,2.951,Target,6.34,152343.37,15.0,9658.57
SAREGAMA,2021-05-18,2021-05-21,212.8,237.69,3.524,Target,11.22,152405.06,15.0,17099.85
CDSL,2021-05-18,2021-05-28,435.5,474.49,3.188,Target,8.49,137873.82,13.6,11705.49
KPITTECH,2021-05-18,2021-05-26,241.7,228.5,2.859,Trend Death,-5.9,123645.31,12.2,-7295.07
AEGISLOG,2021-06-03,2021-06-18,376.6,348.35,2.364,Stop Loss,-7.94,155631.6,15.0,-12357.15
COFORGE,2021-06-09,2021-06-24,768.0,817.11,2.407,Target,5.93,155631.6,15.0,9228.95
RECLTD,2021-06-10,2021-06-14,123.7,118.73,2.564,Stop Loss,-4.46,155631.6,15.0,-6941.17
SRF,2021-06-11,2021-06-21,1414.3,1387.8,2.206,Trend Death,-2.32,155631.6,15.0,-3610.65
GODREJCP,2021-06-15,2021-06-18,920.65,887.81,2.833,Stop Loss,-4.01,154590.43,15.0,-6199.08
POLYCAB,2021-06-16,2021-06-21,1870.0,1965.62,3.399,Target,4.65,154590.43,15.0,7188.45
LAURUSLABS,2021-06-28,2021-07-22,657.6,650.0,2.831,Trend Death,-1.6,153728.01,15.0,-2459.65
FSL,2021-06-29,2021-07-12,175.25,198.09,2.718,Target,12.56,153728.01,15.0,19308.24
TRIVENI,2021-06-29,2021-07-20,204.9,184.81,2.543,Stop Loss,-10.23,143830.14,14.0,-14713.82
MARICO,2021-06-30,2021-07-02,543.0,524.12,2.56,Stop Loss,-3.92,153728.01,15.0,-6026.14
JSWENERGY,2021-07-01,2021-07-16,168.4,192.12,2.807,Target,13.61,153728.01,15.0,20922.38
BSE,2021-07-14,2021-07-16,121.0,132.61,2.852,Target,9.12,155720.32,15.0,14201.69
COFORGE,2021-07-15,2021-07-29,909.0,977.12,2.374,Target,7.03,155720.32,15.0,10947.14
RADICO,2021-08-13,2021-08-20,939.4,886.71,2.005,Stop Loss,-6.05,160054.98,15.0,-9683.33
PERSISTENT,2021-09-14,2021-09-23,1805.5,1917.88,2.938,Target,5.76,158602.49,15.0,9135.5
RKFORGE,2021-09-16,2021-09-17,215.4,203.41,2.729,Stop Loss,-6.0,158602.49,15.0,-9516.15
ABREL,2021-09-23,2021-10-14,919.7,991.91,2.839,Target,7.39,158545.39,15.0,11716.5
MCX,2021-09-28,2021-09-29,347.0,330.5,1.821,Stop Loss,-5.2,158545.39,15.0,-8244.36
OLECTRA,2021-10-07,2021-10-12,489.7,550.88,3.632,Target,12.02,157308.73,15.0,18908.51
MCX,2021-10-08,2021-10-11,382.0,417.18,3.269,Target,8.74,157308.73,15.0,13748.78
MANAPPURAM,2021-10-08,2021-10-27,194.3,209.79,2.443,Target,7.51,117560.49,11.2,8828.79
SRF,2021-10-13,2021-10-14,2538.0,2420.19,2.588,Stop Loss,-5.08,162207.33,15.0,-8240.13
JSWENERGY,2021-10-14,2021-10-19,398.85,373.05,2.474,Stop Loss,-6.91,162728.78,15.0,-11244.56
OLECTRA,2021-11-09,2021-11-12,657.95,742.19,2.324,Target,12.33,162366.42,15.0,20019.78
INDIGO,2021-11-15,2021-11-22,2310.0,2170.52,2.518,Stop Loss,-6.48,165369.39,15.0,-10715.94
KEI,2021-11-25,2021-11-29,1095.0,1029.69,3.272,Stop Loss,-6.4,163762.0,15.0,-10480.77
KEC,2021-12-27,2022-01-05,469.7,459.4,1.954,Trend Death,-2.64,162189.88,15.0,-4281.81
TTML,2021-12-31,2022-01-05,206.35,232.42,3.281,Target,12.16,162189.88,15.0,19722.29
CGPOWER,2022-01-05,2022-01-10,206.0,193.3,3.112,Stop Loss,-6.6,164505.95,15.0,-10857.39
ASAHIINDIA,2022-01-12,2022-01-24,576.0,538.86,2.774,Stop Loss,-6.88,162877.34,15.0,-11205.96
LT,2022-01-14,2022-01-21,2014.0,1962.3,2.405,Stop Loss,-3.01,162877.34,15.0,-4902.61
ACC,2022-01-17,2022-01-18,2364.0,2286.28,2.164,Stop Loss,-3.73,162877.34,15.0,-6075.32
BATAINDIA,2022-01-18,2022-01-19,2049.8,1971.99,2.121,Stop Loss,-4.24,161966.04,15.0,-6867.36
AMBUJACEM,2022-01-18,2022-01-19,410.0,393.17,1.682,Stop Loss,-4.55,128442.66,11.9,-5844.14
WELCORP,2022-01-18,2022-01-19,196.5,186.75,1.561,Stop Loss,-5.4,119202.73,11.0,-6436.95
GMDCLTD,2022-03-25,2022-04-05,180.0,205.57,3.436,Target,13.73,156677.49,15.0,21511.82
GRASIM,2022-03-31,2022-04-08,1663.4,1770.53,2.322,Target,5.98,156677.49,15.0,9369.31
DEEPAKNTR,2022-04-04,2022-04-12,2313.4,2216.58,1.958,Stop Loss,-4.63,156677.49,15.0,-7254.17
ABCAPITAL,2022-04-05,2022-04-19,113.9,109.17,1.864,Stop Loss,-4.59,159904.26,15.0,-7339.61
PERSISTENT,2022-04-06,2022-04-08,2449.5,2344.75,2.564,Stop Loss,-4.72,159904.26,15.0,-7547.48
TITAGARH,2022-04-06,2022-04-07,111.2,104.8,2.102,Stop Loss,-6.19,131091.56,12.3,-8114.57
ABREL,2022-04-08,2022-04-19,919.0,866.85,2.278,Stop Loss,-6.11,158960.35,15.0,-9712.48
APOLLOTYRE,2022-08-16,2022-08-17,238.1,256.97,2.93,Target,7.46,155314.42,15.0,11586.46
DMART,2022-08-16,2022-08-23,4355.0,4209.23,2.012,Stop Loss,-3.79,106652.77,10.3,-4042.14
ABCAPITAL,2022-08-17,2022-08-22,113.95,109.47,2.297,Stop Loss,-4.38,157052.38,15.0,-6878.89
ADANIPORTS,2022-08-17,2022-08-19,827.35,877.23,2.235,Target,5.57,152813.27,14.6,8511.7
SBICARD,2022-08-18,2022-08-19,983.0,937.37,2.174,Stop Loss,-5.08,157052.38,15.0,-7978.26
KIRLOSENG,2022-08-19,2022-08-25,189.3,210.05,2.472,Target,10.49,157132.4,15.0,16483.19
AMBUJACEM,2022-11-15,2022-11-24,583.9,559.24,2.252,Stop Loss,-4.66,157966.72,15.0,-7361.25
JKCEMENT,2022-12-02,2022-12-12,3201.95,3093.25,2.52,Stop Loss,-3.84,156862.54,15.0,-6023.52
HDFCAMC,2022-12-08,2022-12-12,1123.5,1091.52,2.546,Stop Loss,-3.29,156862.54,15.0,-5160.78
RAMCOCEM,2022-12-09,2022-12-16,734.2,709.53,1.95,Stop Loss,-3.8,156862.54,15.0,-5960.78
IIFL,2022-12-13,2022-12-22,484.7,457.44,2.004,Stop Loss,-6.06,155184.89,15.0,-9404.2
HINDZINC,2022-12-21,2022-12-22,331.0,321.62,1.943,Stop Loss,-3.28,154290.77,15.0,-5060.74
JSL,2023-01-03,2023-01-05,253.3,234.68,2.385,Stop Loss,-7.79,152121.03,15.0,-11850.23
HCLTECH,2023-01-19,2023-02-02,1102.35,1153.94,2.22,Target,4.22,150343.5,15.0,6344.5
POLYCAB,2023-02-01,2023-02-17,2949.0,3141.28,2.756,Target,6.06,150343.5,15.0,9110.82
SONATSOFTW,2023-02-10,2023-02-20,326.5,356.99,2.58,Target,8.87,151295.17,15.0,13419.88
LODHA,2023-05-30,2023-06-06,530.5,580.83,2.026,Target,9.02,154674.78,15.0,13951.67
CHENNPETRO,2023-07-06,2023-07-25,429.05,405.04,2.339,Stop Loss,-6.03,156767.53,15.0,-9453.08
RECLTD,2023-07-12,2023-07-13,170.45,163.86,2.104,Stop Loss,-4.31,156767.53,15.0,-6756.68
NCC,2023-07-17,2023-07-28,138.0,149.11,2.754,Target,7.58,155754.03,15.0,11806.16
TITAGARH,2023-07-20,2023-07-24,604.55,660.36,3.155,Target,8.76,155754.03,15.0,13644.05
JWL,2023-07-21,2023-07-26,197.95,218.93,2.332,Target,10.13,155754.03,15.0,15777.88
NATCOPHARM,2023-07-21,2023-07-28,780.0,839.01,2.065,Target,7.1,137921.13,13.3,9792.4
ICICIGI,2023-07-24,2023-07-31,1402.1,1350.46,1.863,Stop Loss,-4.13,157800.63,15.0,-6517.17
MOTILALOFS,2023-07-26,2023-07-28,196.25,211.87,2.296,Target,7.49,158749.35,15.0,11890.33
FORTIS,2023-07-26,2023-08-02,340.2,327.66,2.088,Stop Loss,-4.13,144367.88,13.6,-5962.39
JINDALSTEL,2023-07-26,2023-08-02,668.0,645.47,1.872,Stop Loss,-3.82,129433.27,12.2,-4944.35
PFC,2023-07-28,2023-08-08,203.45,217.43,2.519,Target,6.41,163772.69,15.0,10497.83
CHALET,2023-07-28,2023-08-03,490.0,468.29,1.905,Stop Loss,-4.87,123853.5,11.3,-6031.67
ASAHIINDIA,2023-08-01,2023-08-02,575.75,547.53,1.784,Stop Loss,-5.34,162795.11,15.0,-8693.26
ZENTEC,2023-08-10,2023-09-12,827.95,771.87,3.497,Stop Loss,-7.21,160525.04,15.0,-11573.86
KALYANKJIL,2023-08-17,2023-08-31,223.75,248.44,3.502,Target,10.56,160525.04,15.0,16951.44
RKFORGE,2023-08-22,2023-08-31,654.0,714.54,2.975,Target,8.79,160525.04,15.0,14110.15
LINDEINDIA,2023-08-22,2023-08-23,5300.0,5741.4,2.943,Target,7.86,158798.38,14.8,12481.55
JUBLINGREA,2023-08-24,2023-09-01,479.7,520.41,2.287,Target,8.02,162397.27,15.0,13024.26
TITAGARH,2023-08-28,2023-08-29,820.0,761.81,2.904,Stop Loss,-7.53,162397.27,15.0,-12228.51
BSOFT,2023-08-28,2023-09-01,485.4,513.78,2.471,Target,5.39,138183.08,12.8,7448.07
JBCHEPHARM,2023-08-29,2023-08-30,1460.0,1378.82,3.126,Stop Loss,-6.0,160562.99,15.0,-9633.78
SARDAEN,2023-09-01,2023-09-04,228.4,252.81,4.016,Target,10.22,166848.01,15.0,17051.87
BSE,2023-09-01,2023-09-04,355.5,393.8,3.318,Target,10.3,137849.03,12.4,14198.45
ANGELONE,2023-09-01,2023-09-12,1895.0,1809.01,2.131,Stop Loss,-4.98,88985.61,8.0,-4431.48
JSWENERGY,2023-09-06,2023-09-11,381.65,416.0,1.583,Target,8.53,171535.56,15.0,14631.98
PVRINOX,2023-09-07,2023-09-11,1850.0,1800.85,2.798,Stop Loss,-3.1,171535.56,15.0,-5317.6
JKBANK,2023-09-08,2023-09-12,101.15,94.5,2.531,Stop Loss,-7.01,171535.56,15.0,-12024.64
GILLETTE,2023-09-12,2023-09-13,6074.8,5835.57,2.253,Stop Loss,-4.38,168728.22,15.0,-7390.3
TECHM,2023-09-18,2023-09-28,1250.2,1213.7,2.571,Stop Loss,-3.36,167619.68,15.0,-5632.02
BHARATFORG,2023-09-18,2023-09-21,1145.0,1106.47,2.155,Stop Loss,-3.81,140498.02,12.6,-5352.97
ETERNAL,2023-09-18,2023-09-21,103.6,98.7,1.738,Stop Loss,-5.17,113311.16,10.1,-5858.19
ANANDRATHI,2023-09-27,2023-10-09,850.0,921.78,3.765,Target,7.98,165938.0,15.0,13241.85
JUBLFOOD,2023-09-28,2023-09-29,552.3,531.51,2.005,Stop Loss,-4.21,165093.2,15.0,-6950.42
LT,2023-10-06,2023-10-19,3114.95,3028.06,2.213,Stop Loss,-3.23,164050.63,15.0,-5298.84
BSE,2023-10-12,2023-10-23,498.5,556.54,2.609,Target,11.17,166036.91,15.0,18546.32
CHENNPETRO,2023-11-17,2023-11-20,649.45,611.58,2.414,Stop Loss,-6.27,168024.04,15.0,-10535.11
LTTS,2023-11-22,2023-11-30,4603.0,4783.39,2.201,Target,3.46,166443.77,15.0,5758.95
BAJAJ-AUTO,2023-11-23,2023-11-28,5656.5,5883.73,2.703,Target,3.56,166443.77,15.0,5925.4
GMDCLTD,2023-11-23,2023-11-24,427.9,394.52,2.541,Stop Loss,-8.23,156468.23,14.1,-12877.34
EIDPARRY,2023-11-24,2023-12-07,537.0,527.75,3.108,Trend Death,-2.17,164512.17,15.0,-3569.91
PRAJIND,2023-11-24,2023-12-07,619.0,592.38,2.612,Stop Loss,-4.74,138257.98,12.6,-6553.43
INDIACEM,2023-11-30,2023-12-01,233.5,249.44,2.445,Target,6.36,166264.82,15.0,10574.44
WIPRO,2023-11-30,2023-12-08,199.55,207.48,2.408,Target,3.52,163748.75,14.8,5763.96
GRASIM,2023-11-30,2023-12-06,1998.05,2072.19,1.829,Target,3.25,124375.61,11.2,4042.21
BSE,2023-12-01,2023-12-18,833.5,760.96,3.322,Stop Loss,-9.13,167850.99,15.0,-15324.8
GRANULES,2023-12-01,2023-12-05,404.0,388.11,2.728,Stop Loss,-4.38,137837.9,12.3,-6037.3
JSWSTEEL,2023-12-01,2023-12-08,805.0,836.5,2.223,Target,3.46,112321.72,10.0,3886.33
RECLTD,2023-12-04,2023-12-13,385.5,418.28,3.439,Target,8.04,167850.99,15.0,13495.22
CHAMBLFERT,2023-12-05,2023-12-06,325.8,344.73,2.769,Target,5.35,166945.39,15.0,8931.58
CONCOR,2023-12-05,2023-12-07,640.7,672.69,2.361,Target,4.53,142346.72,12.8,6448.31
IRCTC,2023-12-05,2023-12-07,724.75,762.04,2.017,Target,4.69,121606.67,10.9,5703.35
NAM-INDIA,2023-12-07,2023-12-20,451.95,485.38,2.525,Target,6.93,169195.71,15.0,11725.26
MGL,2023-12-08,2023-12-20,1172.6,1150.85,2.696,Trend Death,-2.3,170643.25,15.0,-3924.79
MRPL,2023-12-08,2023-12-20,130.3,122.86,2.521,Stop Loss,-6.15,159566.63,14.0,-9813.35
SYRMA,2023-12-11,2023-12-15,620.9,670.62,2.306,Target,7.54,170643.25,15.0,12866.5
WIPRO,2023-12-15,2023-12-22,213.75,225.48,3.266,Target,5.03,174597.51,15.0,8782.25
BSOFT,2023-12-15,2024-01-01,704.2,702.5,2.877,Trend Death,-0.69,153801.91,13.2,-1061.23
ENGINERSIN,2023-12-15,2023-12-20,169.5,159.18,2.394,Stop Loss,-6.52,127981.15,11.0,-8344.37
ATUL,2023-12-18,2023-12-21,6958.0,6754.98,2.608,Stop Loss,-3.36,172298.79,15.0,-5789.24
ALKEM,2023-12-18,2024-01-03,4899.1,5227.74,2.073,Target,6.25,136953.76,11.9,8559.61
DCMSHRIRAM,2023-12-19,2023-12-20,997.95,1080.17,2.675,Target,7.77,172298.79,15.0,13387.62
INDHOTEL,2023-12-19,2023-12-20,449.95,436.77,2.033,Stop Loss,-3.37,130947.08,11.4,-4412.92
CHENNPETRO,2023-12-20,2023-12-21,714.0,672.7,1.993,Stop Loss,-6.22,172091.41,15.0,-10704.09
COHANCE,2023-12-26,2024-01-16,720.0,676.76,1.896,Stop Loss,-6.44,170934.75,15.0,-11008.2
AARTIIND,2023-12-27,2024-01-08,636.0,606.32,2.859,Stop Loss,-5.11,170934.75,15.0,-8734.77
BEML,2023-12-27,2024-01-08,1440.0,1592.32,2.478,Target,10.11,148155.41,13.0,14978.51
BAJAJ-AUTO,2023-12-28,2024-01-03,6544.0,6860.34,2.525,Target,4.37,170934.75,15.0,7469.85
PIDILITIND,2023-12-28,2024-01-20,1360.0,1338.0,2.202,Trend Death,-2.06,149068.64,13.1,-3070.81
IOC,2023-12-29,2024-01-16,116.53,126.28,2.663,Target,7.9,170934.75,15.0,13503.85
GLAXO,2023-12-29,2024-01-02,1853.0,2006.91,2.424,Target,7.84,155593.63,13.7,12198.54
JSWSTEEL,2023-12-29,2024-01-03,882.0,852.25,2.256,Stop Loss,-3.82,144809.91,12.7,-5531.74
JKTYRE,2024-01-01,2024-01-19,398.4,443.05,2.33,Target,10.74,170775.56,15.0,18341.3
RCF,2024-01-02,2024-01-20,168.0,187.04,2.006,Target,10.86,172605.34,15.0,18744.94
BRIGADE,2024-01-05,2024-01-30,928.8,1022.04,2.479,Target,9.57,174180.0,15.0,16669.03
VEDL,2024-01-12,2024-01-18,243.2,232.92,2.722,Stop Loss,-4.67,175116.56,15.0,-8177.94
MEDANTA,2024-01-12,2024-01-15,1049.95,1002.48,2.093,Stop Loss,-4.96,134650.61,11.5,-6678.67
BEL,2024-01-16,2024-01-18,188.9,182.48,1.827,Stop Loss,-3.84,174489.11,15.0,-6700.38
JKCEMENT,2024-01-17,2024-01-18,4083.2,3961.44,2.651,Stop Loss,-3.43,174489.11,15.0,-5984.98
BHEL,2024-01-18,2024-01-23,209.5,204.0,2.022,Trend Death,-3.07,171359.62,15.0,-5260.74
APOLLOHOSP,2024-01-19,2024-01-23,5987.0,6320.34,2.11,Target,5.11,174110.81,15.0,8897.06
IRCTC,2024-01-20,2024-01-23,997.85,948.32,3.234,Stop Loss,-5.4,176461.93,15.0,-9528.94
SJVN,2024-01-20,2024-01-25,105.8,118.36,2.831,Target,11.4,154472.39,13.1,17609.85
MAXHEALTH,2024-01-24,2024-01-25,767.05,723.06,1.793,Stop Loss,-6.17,175578.04,15.0,-10833.16
JKCEMENT,2024-01-30,2024-02-09,4330.0,4148.78,2.17,Stop Loss,-4.63,179094.89,15.0,-8292.09
HBLENGINE,2024-02-01,2024-02-08,542.0,605.79,2.425,Target,11.3,179094.89,15.0,20237.72
LICHSGFIN,2024-02-02,2024-02-12,632.5,620.15,2.568,Trend Death,-2.4,179094.89,15.0,-4298.28
GAIL,2024-02-05,2024-03-04,167.56,183.36,2.528,Target,8.96,179094.89,15.0,16046.9
NLCINDIA,2024-02-06,2024-02-07,280.55,256.66,3.721,Stop Loss,-8.95,179094.89,15.0,-16028.99
HINDPETRO,2024-02-07,2024-02-16,329.7,370.54,3.057,Target,11.91,176690.54,15.0,21043.84
INOXWIND,2024-02-09,2024-02-12,137.11,126.04,2.674,Stop Loss,-8.51,178482.39,15.0,-15188.85
HEROMOTOCO,2024-02-12,2024-02-13,4730.35,4535.6,2.934,Stop Loss,-4.56,175559.32,15.0,-8005.5
ADANIPORTS,2024-02-19,2024-03-13,1313.4,1258.4,2.126,Stop Loss,-4.63,177515.07,15.0,-8218.95
NCC,2024-02-23,2024-03-12,242.0,236.5,2.418,Trend Death,-2.72,177515.07,15.0,-4828.41
HDFCAMC,2024-02-27,2024-02-29,1919.5,1832.88,2.192,Stop Loss,-4.95,177515.07,15.0,-8787.0
GVTD,2024-03-01,2024-03-14,920.0,869.95,2.919,Trend Death,-5.88,176197.02,15.0,-10360.38
TMPV,2024-03-06,2024-03-13,705.7,682.36,2.85,Stop Loss,-3.75,178604.06,15.0,-6697.65
LODHA,2024-03-06,2024-03-12,1206.05,1132.57,2.294,Stop Loss,-6.53,143760.6,12.1,-9387.57
KPIL,2024-03-12,2024-03-13,1095.0,1017.31,2.229,Stop Loss,-7.53,176471.66,15.0,-13288.32
BHEL,2024-04-12,2024-04-19,258.6,246.72,3.203,Stop Loss,-5.04,170686.86,15.0,-8602.62
EIDPARRY,2024-04-12,2024-05-29,619.2,671.56,2.413,Target,7.99,128588.01,11.3,10274.18
FEDERALBNK,2024-04-12,2024-04-15,159.45,154.36,2.239,Stop Loss,-3.64,119315.61,10.5,-4343.09
ABSLAMC,2024-04-18,2024-04-24,515.75,548.61,2.883,Target,5.91,170035.4,15.0,10049.09
LICHSGFIN,2024-04-24,2024-05-03,674.55,646.98,2.117,Stop Loss,-4.53,170252.37,15.0,-7712.43
SOBHA,2024-04-24,2024-05-03,1684.85,1859.04,2.014,Target,9.87,161968.95,14.3,15986.34
SAIL,2024-04-25,2024-05-07,164.8,156.4,2.878,Trend Death,-5.54,170252.37,15.0,-9431.98
DATAPATTNS,2024-04-25,2024-05-06,3074.95,2831.47,2.747,Stop Loss,-8.35,162502.87,14.3,-13568.99
CONCOR,2024-04-26,2024-05-17,807.95,882.28,2.644,Target,8.73,170252.37,15.0,14863.03
CESC,2024-04-30,2024-05-07,139.67,132.8,1.905,Stop Loss,-5.36,170252.37,15.0,-9125.53
BHEL,2024-05-06,2024-05-07,308.15,290.49,2.927,Stop Loss,-6.17,169458.11,15.0,-10455.57
CHOICEIN,2024-05-07,2024-05-09,344.0,330.31,2.692,Stop Loss,-4.42,165106.15,15.0,-7297.69
LINDEINDIA,2024-05-18,2024-05-27,9450.0,8834.48,2.354,Stop Loss,-6.95,166240.95,15.0,-11553.75
SCHNEIDER,2024-05-21,2024-05-27,919.9,855.88,2.383,Stop Loss,-7.4,166240.95,15.0,-12301.83
BHEL,2024-05-22,2024-06-04,302.0,280.35,1.816,Stop Loss,-7.61,166240.95,15.0,-12650.94
LALPATHLAB,2024-05-23,2024-06-05,1291.0,1399.43,2.189,Target,7.93,166240.95,15.0,13182.91
PFIZER,2024-05-24,2024-06-05,4576.1,4872.15,2.86,Target,6.01,166240.95,15.0,9991.08
TVSMOTOR,2024-05-27,2024-05-31,2260.0,2156.22,2.273,Stop Loss,-5.03,162662.61,15.0,-8181.93
TECHNOE,2024-05-31,2024-06-03,1248.0,1449.92,3.486,Target,15.7,162976.45,15.0,25587.3
CGPOWER,2024-06-04,2024-06-05,686.25,633.34,2.067,Stop Loss,-8.14,164916.91,15.0,-13424.24
MMFIN,2024-06-18,2024-07-19,280.65,275.35,2.843,Trend Death,-2.33,166379.37,15.0,-3876.64
VOLTAS,2024-06-18,2024-07-19,1499.55,1470.25,2.527,Trend Death,-2.4,147886.27,13.3,-3549.27
TIMKEN,2024-06-19,2024-06-24,4696.05,4375.89,2.849,Stop Loss,-7.25,166379.37,15.0,-12062.5
CROMPTON,2024-06-19,2024-06-28,430.0,407.94,2.354,Stop Loss,-5.57,137471.76,12.4,-7657.18
DEEPAKFERT,2024-06-19,2024-06-20,630.0,694.29,2.256,Target,9.74,131748.63,11.9,12832.32
POWERINDIA,2024-06-27,2024-07-03,12694.0,14192.47,2.88,Target,11.33,166494.84,15.0,18863.87
COCHINSHIP,2024-07-04,2024-07-05,2449.0,2805.04,3.801,Target,14.06,168175.84,15.0,23645.52
GVTD,2024-07-05,2024-07-18,1679.0,1545.06,2.311,Stop Loss,-8.41,171722.67,15.0,-14441.88
BDL,2024-07-05,2024-07-10,1694.0,1581.21,1.944,Stop Loss,-7.09,144452.13,12.6,-10241.66
KIRLOSBROS,2024-07-08,2024-07-10,2615.0,2399.91,4.424,Stop Loss,-8.66,171722.67,15.0,-14871.18
BEML,2024-07-08,2024-07-10,2600.0,2418.78,2.484,Stop Loss,-7.41,96419.33,8.4,-7144.67
KAYNES,2024-07-08,2024-07-10,4340.0,4072.31,2.361,Stop Loss,-6.61,91644.94,8.0,-6057.73
HUDCO,2024-07-08,2024-07-19,330.05,317.3,2.254,Trend Death,-4.31,91585.42,8.0,-3947.33
BASF,2024-07-09,2024-07-31,5659.15,6263.27,2.318,Target,10.2,171722.67,15.0,17515.71
TECHM,2024-07-15,2024-08-05,1465.3,1417.33,2.329,Stop Loss,-3.72,165975.39,15.0,-6174.28
SONATSOFTW,2024-07-15,2024-07-22,703.0,655.37,2.173,Stop Loss,-7.21,154858.1,14.0,-11165.27
HCLTECH,2024-07-16,2024-08-01,1565.0,1652.97,2.26,Target,5.16,165975.39,15.0,8564.33
INDIAMART,2024-07-16,2024-07-19,2900.0,2790.71,2.096,Stop Loss,-4.21,153931.15,13.9,-6480.5
DABUR,2024-07-18,2024-07-24,640.95,621.48,2.992,Stop Loss,-3.48,163809.1,15.0,-5700.56
BLUEDART,2024-07-18,2024-07-19,8862.25,8474.17,2.873,Stop Loss,-4.82,157293.97,14.4,-7581.57
GODREJCP,2024-07-24,2024-07-25,1516.7,1455.68,2.388,Stop Loss,-4.46,157463.93,15.0,-7022.89
COHANCE,2024-07-26,2024-07-31,920.0,1021.07,2.276,Target,10.51,156410.5,15.0,16438.74
BERGEPAINT,2024-07-31,2024-08-05,553.7,536.37,2.457,Stop Loss,-3.57,161503.67,15.0,-5765.68
NEULANDLAB,2024-08-02,2024-08-05,9388.0,10700.55,3.095,Target,13.5,162788.32,15.0,21976.42
LTFOODS,2024-08-02,2024-08-19,304.0,334.93,1.861,Target,9.7,97883.38,9.0,9494.69
TECHNOE,2024-08-05,2024-08-14,1626.0,1560.0,2.322,Trend Death,-4.5,164293.79,15.0,-7393.22
IPCALAB,2024-08-08,2024-09-05,1344.3,1431.2,2.429,Target,6.0,164293.79,15.0,9857.63
NAVA,2024-08-09,2024-09-13,480.0,541.87,2.755,Target,12.41,164293.79,15.0,20388.86
AFFLE,2024-08-12,2024-08-14,1595.95,1494.1,2.535,Stop Loss,-6.82,164293.79,15.0,-11204.84
GRAVITA,2024-08-16,2024-08-19,1970.7,2254.91,3.794,Target,13.94,161504.08,15.0,22513.67
PGEL,2024-08-19,2024-08-23,500.0,564.64,2.25,Target,12.45,166305.33,15.0,20705.01
PATANJALI,2024-08-22,2024-09-13,637.7,619.6,2.524,Trend Death,-3.28,166305.33,15.0,-5454.81
DEEPAKFERT,2024-08-22,2024-09-12,1059.8,1001.8,1.942,Trend Death,-5.91,127957.59,11.5,-7562.29
MINDACORP,2024-08-23,2024-08-26,538.7,597.32,3.829,Target,10.41,169411.08,15.0,17635.69
NATCOPHARM,2024-08-23,2024-09-20,1558.0,1482.0,3.241,Trend Death,-5.32,143395.49,12.7,-7628.64
DIXON,2024-08-26,2024-09-02,13399.0,12805.58,2.288,Stop Loss,-4.87,172056.44,15.0,-8379.15
LUPIN,2024-09-02,2024-09-09,2257.0,2192.33,2.987,Stop Loss,-3.31,170799.56,15.0,-5653.47
HDFCLIFE,2024-09-04,2024-09-06,751.7,739.85,2.478,Trend Death,-2.02,170799.56,15.0,-3450.15
HFCL,2024-09-04,2024-09-23,152.0,167.73,2.103,Target,9.88,144952.17,12.7,14321.27
COHANCE,2024-09-09,2024-10-31,1200.15,1323.26,3.531,Target,9.79,170912.67,15.0,16732.35
INDIAMART,2024-09-11,2024-09-18,3140.0,3012.81,2.799,Stop Loss,-4.49,170912.67,15.0,-7673.98
TITAN,2024-09-13,2024-10-03,3777.0,3668.11,2.212,Stop Loss,-3.33,172018.43,15.0,-5728.21
HSCL,2024-09-17,2024-09-18,596.0,658.89,3.219,Target,10.08,172018.43,15.0,17339.46
MCX,2024-09-17,2024-09-24,1119.0,1197.39,2.577,Target,6.54,137710.93,12.0,9006.29
SARDAEN,2024-09-18,2024-09-25,413.4,449.09,2.893,Target,8.17,173468.25,15.0,14172.36
ANANTRAJ,2024-09-23,2024-10-04,729.95,688.03,4.076,Stop Loss,-6.18,174472.15,15.0,-10782.38
PGEL,2024-09-26,2024-10-01,676.85,628.0,2.906,Stop Loss,-7.65,177948.94,15.0,-13613.09
MCX,2024-10-30,2024-10-31,1370.0,1285.57,2.184,Stop Loss,-6.6,173430.39,15.0,-11446.41
BLUESTARCO,2024-12-09,2024-12-20,2082.5,1984.57,2.424,Stop Loss,-5.14,174223.28,15.0,-8955.08
CGPOWER,2024-12-10,2024-12-18,793.5,756.53,2.08,Stop Loss,-5.1,174223.28,15.0,-8885.39
TARIL,2024-12-12,2024-12-20,570.0,549.7,2.384,Trend Death,-4.0,174223.28,15.0,-6968.93
PAGEIND,2024-12-16,2024-12-26,48745.0,47268.71,3.334,Stop Loss,-3.47,174223.28,15.0,-6045.55
COFORGE,2024-12-19,2024-12-20,1837.5,1928.21,2.889,Target,4.48,172890.47,15.0,7745.49
PERSISTENT,2025-11-28,2025-12-09,6440.0,6262.09,2.114,Stop Loss,-3.21,170756.86,15.0,-5481.3
NAVA,2025-12-22,2025-12-26,583.0,557.49,1.848,Stop Loss,-4.82,169934.67,15.0,-8190.85
NATIONALUM,2025-12-23,2025-12-26,291.05,309.14,2.249,Target,5.75,169934.67,15.0,9771.24
AJANTPHARM,2025-12-23,2026-01-01,2724.8,2871.44,1.768,Target,4.92,133590.26,11.8,6572.64
