Date,Capital,Return
2020-02-01,1005494.4764752153,0.0
2020-02-03,1044123.6430676326,0.03841807935915553
2020-02-04,1082322.248490793,0.03658436975043777
2020-02-05,1076181.449742947,-0.00567372495244256
2020-02-06,1041958.5879490953,-0.03180027104353644
2020-02-07,1046646.9995568949,0.004499614151679321
2020-02-10,1045484.020786444,-0.001111147092518583
2020-02-11,1087443.4766813428,0.040134000195752195
2020-02-12,1166632.7954344163,0.07282154930456075
2020-02-13,1214572.0167731238,0.041091954148997134
2020-02-14,1192264.3079022605,-0.018366723885283043
2020-02-17,1189599.5132510685,-0.0022350703896190094
2020-02-18,1238332.0574244012,0.04096550446641567
2020-02-19,1353159.7297705251,0.0927276909756769
2020-02-20,1329829.6949388038,-0.01724115366312129
2020-02-24,1317973.406708278,-0.008915644067544637
2020-02-25,1291474.18109783,-0.020106039678472354
2020-02-26,1292974.1738046748,0.001161457757962836
2020-02-27,1273769.9497780628,-0.01485275144367515
2020-03-02,1139803.2550663967,-0.10517338294486223
2020-03-03,1139803.2550663967,0.0
2020-03-04,1139803.2550663967,0.0
2020-03-05,1139803.2550663967,0.0
2020-03-06,1139803.2550663967,0.0
2020-03-09,1139803.2550663967,0.0
2020-03-11,1139803.2550663967,0.0
2020-03-12,1139803.2550663967,0.0
2020-03-13,1139803.2550663967,0.0
2020-03-16,1139803.2550663967,0.0
2020-03-17,1139803.2550663967,0.0
2020-03-18,1139803.2550663967,0.0
2020-03-19,1139803.2550663967,0.0
2020-03-20,1139803.2550663967,0.0
2020-03-23,1139803.2550663967,0.0
2020-03-24,1139803.2550663967,0.0
2020-03-25,1139803.2550663967,0.0
2020-03-26,1139803.2550663967,0.0
2020-03-27,1139803.2550663967,0.0
2020-03-30,1139803.2550663967,0.0
2020-04-01,1139803.2550663967,0.0
2020-04-03,1139803.2550663967,0.0
2020-04-07,1139803.2550663967,0.0
2020-04-08,1139803.2550663967,0.0
2020-04-09,1139803.2550663967,0.0
2020-04-13,1139803.2550663967,0.0
2020-04-15,1139803.2550663967,0.0
2020-04-16,1139803.2550663967,0.0
2020-04-17,1139803.2550663967,0.0
2020-04-20,1139803.2550663967,0.0
2020-04-21,1139803.2550663967,0.0
2020-04-22,1139803.2550663967,0.0
2020-04-23,1139803.2550663967,0.0
2020-04-24,1139803.2550663967,0.0
2020-04-27,1139803.2550663967,0.0
2020-04-28,1139803.2550663967,0.0
2020-04-29,1139803.2550663967,0.0
2020-05-04,1139803.2550663967,0.0
2020-05-05,1139803.2550663967,0.0
2020-05-06,1139803.2550663967,0.0
2020-05-07,1139803.2550663967,0.0
2020-05-08,1139803.2550663967,0.0
2020-05-11,1139803.2550663967,0.0
2020-05-12,1139803.2550663967,0.0
2020-05-13,1139803.2550663967,0.0
2020-05-14,1139803.2550663967,0.0
2020-05-15,1139803.2550663967,0.0
2020-05-18,1139803.2550663967,0.0
2020-05-19,1139803.2550663967,0.0
2020-05-20,1139803.2550663967,0.0
2020-05-21,1139803.2550663967,0.0
2020-05-22,1139803.2550663967,0.0
2020-05-26,1139803.2550663967,0.0
2020-05-27,1139803.2550663967,0.0
2020-05-28,1139803.2550663967,0.0
2020-06-01,1139803.2550663967,0.0
2020-06-02,1139803.2550663967,0.0
2020-06-03,1139803.2550663967,0.0
2020-06-04,1139803.2550663967,0.0
2020-06-05,1139803.2550663967,0.0
2020-06-08,1139803.2550663967,0.0
2020-06-09,1139803.2550663967,0.0
2020-06-10,1139803.2550663967,0.0
2020-06-11,1139803.2550663967,0.0
2020-06-12,1139803.2550663967,0.0
2020-06-15,1139803.2550663967,0.0
2020-06-16,1139803.2550663967,0.0
2020-06-17,1139803.2550663967,0.0
2020-06-18,1139803.2550663967,0.0
2020-06-19,1139803.2550663967,0.0
2020-06-22,1139803.2550663967,0.0
2020-06-23,1139803.2550663967,0.0
2020-06-24,1139803.2550663967,0.0
2020-06-25,1139803.2550663967,0.0
2020-06-26,1139803.2550663967,0.0
2020-06-29,1139803.2550663967,0.0
2020-07-01,1139723.5688455456,-6.991225941566093e-05
2020-07-02,1149059.6337011314,0.008191516882503747
2020-07-03,1159370.4120764572,0.008973231739169751
2020-07-06,1176889.3924631572,0.015110770642596583
2020-07-07,1193292.5825669677,0.01393774997791386
2020-07-08,1180445.260067833,-0.010766280363109337
2020-07-09,1188235.1396846997,0.006599102796532197
2020-07-10,1189789.775159042,0.0013083567573628496
2020-07-13,1175007.7492970354,-0.012424065301814169
2020-07-14,1150394.457821655,-0.02094734395590625
2020-07-15,1154828.4531952166,0.003854326090859006
2020-07-16,1152378.1012248455,-0.002121832003352031
2020-07-17,1165123.4335775052,0.011060026513097343
2020-07-20,1174855.361835042,0.008352701505328852
2020-07-21,1182188.8185139534,0.0062420080949003864
2020-07-22,1179944.0005939582,-0.0018988658028562533
2020-07-23,1176288.9038423658,-0.003097686627291152
2020-07-24,1182779.290295267,0.0055176805899470605
2020-07-27,1169057.6504583466,-0.011601183711540064
2020-07-28,1170041.7833572181,0.0008418172521138523
2020-07-29,1169092.579142698,-0.0008112566816174116
2020-07-30,1170861.2710923532,0.00151287586732618
2020-08-03,1184034.6287348194,0.011250997848939237
2020-08-04,1200529.6950590953,0.013931236404716829
2020-08-05,1210494.3968884759,0.008300254354716374
2020-08-06,1224791.1449703912,0.011810668532348911
2020-08-07,1260724.7886390134,0.029338588718724745
2020-08-10,1288191.1458643377,0.021786164175430445
2020-08-11,1295730.303266328,0.005852514532640907
2020-08-12,1284240.02168059,-0.008867803397646035
2020-08-13,1289430.568466293,0.004041726389207634
2020-08-14,1276076.670139159,-0.01035643070182335
2020-08-17,1290784.5761131437,0.01152587953228612
2020-08-18,1297538.4071021762,0.005232345593538135
2020-08-19,1293392.816119402,-0.003194965913982273
2020-08-20,1287289.6119066784,-0.0047187553051633024
2020-08-21,1321534.9690628273,0.026602682752505213
2020-08-24,1373212.9126291347,0.039104484388298166
2020-08-25,1368575.9053937867,-0.0033767576700615143
2020-08-26,1391117.7932813799,0.01647105418029926
2020-08-27,1390092.4414539256,-0.0007370704568703257
2020-08-28,1397649.5400688339,0.005436400047614143
2020-09-01,1357943.4723620974,-0.028409173092691753
2020-09-02,1385770.8727870765,0.02049231134531282
2020-09-03,1419069.7267399328,0.024029119536828736
2020-09-04,1399784.9875376727,-0.013589705170135247
2020-09-07,1409744.7099781814,0.007115180209232408
2020-09-08,1419791.494019453,0.007126669084239312
2020-09-09,1437825.4611596963,0.012701841936796576
2020-09-10,1441127.105276586,0.002296276012685672
2020-09-11,1452301.4297886323,0.007753878524060953
2020-09-14,1519655.333185427,0.04637735804377563
2020-09-15,1565549.7489230111,0.03020054267264838
2020-09-16,1579365.5269368975,0.008824873194474225
2020-09-17,1593335.818486351,0.008845508725613405
2020-09-18,1624762.4622292928,0.019723804221508434
2020-09-21,1547984.8045639065,-0.047254696886609326
2020-09-22,1534559.4055200755,-0.008672823534345508
2020-09-23,1494207.1600366896,-0.02629565550752344
2020-09-24,1470114.12495836,-0.016124293687454938
2020-09-25,1529086.5821384974,0.04011420350226724
2020-09-28,1600320.0593312108,0.046585640097037695
2020-09-29,1591522.873451036,-0.005497141542955664
2020-10-01,1604440.4819385586,0.008116508221784002
2020-10-05,1649682.5147009892,0.02819801249826792
2020-10-06,1648293.1986195887,-0.000842171793069113
2020-10-07,1602707.9847217605,-0.027656010433098288
2020-10-08,1603186.5410537496,0.0002985923428042714
2020-10-09,1596907.8331766143,-0.003916392582118622
2020-10-12,1549778.2654409294,-0.029513016816965165
2020-10-13,1560695.5214490853,0.007044398706320676
2020-10-14,1582194.4129125285,0.013775199049383957
2020-10-15,1548975.4650401506,-0.02099549056757699
2020-10-16,1583130.2723824217,0.02204993436831848
2020-10-19,1606118.2237729826,0.014520568390096411
2020-10-20,1628780.3629602757,0.014109882356017955
2020-10-21,1636293.8745259852,0.004612967921625577
2020-10-22,1676942.277861141,0.024841749986340922
2020-10-23,1696268.955332939,0.011524950934177935
2020-10-26,1667343.083620898,-0.01705264464170042
2020-10-27,1672958.1531203242,0.003367674928205
2020-10-28,1677103.8919271608,0.0024780887669568763
2020-10-29,1700071.5512205905,0.01369483393604054
2020-11-02,1710781.0240967164,0.006299424790937147
2020-11-03,1686215.456644978,-0.014359270476891672
2020-11-04,1694558.008320371,0.004947500417290751
2020-11-05,1726676.4611894544,0.01895388219900429
2020-11-06,1714570.9024009418,-0.007010901613944243
2020-11-09,1718802.4074213533,0.002467967358180445
2020-11-10,1687871.7994576634,-0.017995441378333754
2020-11-11,1732987.00816999,0.026729049402225202
2020-11-12,1797493.2111782231,0.03722255429736365
2020-11-13,1823897.1764262004,0.014689326826814453
2020-11-14,1854900.2702220553,0.01699826843122998
2020-11-17,1880244.4540102365,0.013663367349203703
2020-11-18,1873835.5928944615,-0.0034085254723693614
2020-11-19,1846076.8805611078,-0.014813846229954297
2020-11-20,1871070.082180015,0.013538548628218905
2020-11-23,1929060.737758088,0.030993310261530738
2020-11-24,1979597.983781734,0.0261978511274763
2020-11-25,1957243.469073813,-0.011292451745791299
2020-11-26,1962645.7729434422,0.0027601593542092573
2020-12-01,2069780.280798025,0.05458677736528572
2020-12-02,2131353.070638377,0.029748466738997115
2020-12-03,2162492.6581194126,0.01461024356312235
2020-12-04,2206000.3361392785,0.020119225772401883
2020-12-07,2221510.689021977,0.0070309839162778776
2020-12-08,2190931.731668936,-0.013764938203607469
2020-12-09,2149648.8084270735,-0.018842633316746626
2020-12-10,2110810.834914484,-0.018067124899814546
2020-12-11,2121923.866909189,0.0052648166339146485
2020-12-14,2108437.0934793595,-0.006355917684018775
2020-12-15,2111179.391551621,0.001300630728202412
2020-12-16,2143756.829744627,0.0154309190035542
2020-12-17,2152262.565207363,0.003967677371201406
2020-12-18,2114292.3330105687,-0.017642007443983032
2020-12-21,2004378.6551861712,-0.051986036229857646
2020-12-22,2025357.6004396551,0.010466557902720997
2020-12-23,2102596.191806358,0.0381357797506654
2020-12-24,2128020.910546283,0.012092059730252958
2020-12-28,2183518.4841722716,0.02607943058780471
2020-12-29,2178532.688458447,-0.002283376921223823
2020-12-30,2182960.6092956397,0.002032524396191615
2021-02-01,2220223.059269068,0.0
2021-02-02,2273457.7404627358,0.023977176964909752
2021-02-03,2358384.01205762,0.037355553210150605
2021-02-04,2425788.530055919,0.028580806880339482
2021-02-05,2447072.064283623,0.008773862174710212
2021-02-08,2483983.8487053732,0.015084061054228215
2021-02-09,2496060.491599446,0.004861804113729384
2021-02-10,2519191.823550321,0.009267135964342144
2021-02-11,2543430.6198465116,0.009621655671313789
2021-02-12,2554711.31475122,0.004435228080013065
2021-02-15,2567142.33429267,0.004865919475782521
2021-02-16,2601399.871711783,0.013344619408706127
2021-02-17,2649633.222159017,0.018541305768380312
2021-02-18,2697319.629332438,0.01799736158748977
2021-02-19,2698696.1784252464,0.0005103396267311933
2021-02-22,2746261.963887811,0.017625468862641824
2021-02-23,2847448.6293491684,0.03684523428278852
2021-02-24,2825474.4450408393,-0.007717148636796178
2021-02-25,2856549.544129077,0.010998187983182639
2021-03-01,2823288.152769195,-0.011643904944075745
2021-03-02,2845988.4138049223,0.008040362799476286
2021-03-03,2884836.954225871,0.013650280595840503
2021-03-04,2969568.839653123,0.029371464235832256
2021-03-05,2961781.614545189,-0.0026223420060010882
2021-03-08,3013786.8698747987,0.017558774446506886
2021-03-09,2996018.6459475085,-0.005895647135800375
2021-03-10,3059164.896107085,0.021076721349845284
2021-03-12,3116561.3982160315,0.01876214720624758
2021-03-15,3145330.2632531533,0.009230963668352521
2021-03-16,3141453.405824261,-0.0012325756293976031
2021-03-17,3024870.9929314777,-0.037110979483776174
2021-03-18,2973544.057454074,-0.01696830562273388
2021-03-19,2930914.7693278305,-0.014336188501858693
2021-03-22,2980473.503698935,0.016908964699260176
2021-03-23,3070261.5081348876,0.0301254160872495
2021-03-24,2960460.566832348,-0.03576273259187013
2021-03-25,2894400.0189161347,-0.02231428064143981
2021-03-26,2907126.0915618027,0.004396791239116071
2021-03-30,2973904.9413662814,0.02297074419933498
2021-04-01,3113281.477764355,0.046866506881030556
2021-04-05,3099464.426651651,-0.004438098903484344
2021-04-06,3134770.7246326376,0.011391096370519715
2021-04-07,3132583.3097050767,-0.0006977910411031241
2021-04-08,3152619.6198883727,0.006396098108938153
2021-04-09,3165771.939531124,0.00417187013611775
2021-04-12,2948846.300551533,-0.06852219399345605
2021-04-13,2915688.6401410745,-0.011244282350102996
2021-04-15,2846000.4404303366,-0.023901111645229012
2021-04-16,2954207.1179554434,0.03802061165835413
2021-04-19,2815339.7089496525,-0.04700665981127916
2021-04-20,2815183.311835328,-5.555177367311259e-05
2021-04-22,2823994.498616903,0.0031298802975039397
2021-04-23,2842497.2075528707,0.00655196352012366
2021-04-26,2869098.3094903715,0.009358356401131473
2021-04-27,2920763.3886678675,0.018007427283547095
2021-04-28,3000130.350978393,0.027173362490935604
2021-04-29,3050530.0684527745,0.016799175895122476
2021-05-03,3170114.364679553,0.03920115309252847
2021-05-04,3197053.079303353,0.008497710657994872
2021-05-05,3236492.8146365364,0.012336277926851658
2021-05-06,3297465.366010272,0.01883908133458445
2021-05-07,3390185.888168434,0.02811872510137947
2021-05-10,3403740.668661939,0.003998241081944798
2021-05-11,3414955.9032980087,0.003294973303732407
2021-05-12,3349776.694202117,-0.01908639846064908
2021-05-14,3225244.7675082684,-0.03717618756778385
2021-05-17,3312912.352031676,0.02718168413343003
2021-05-18,3406895.950194273,0.02836887553181433
2021-05-19,3402059.5637680893,-0.0014195873595458375
2021-05-20,3455722.487399662,0.015773657875682856
2021-05-21,3503537.9141630153,0.01383659334269427
2021-05-24,3582546.231201251,0.02255100957202294
2021-05-25,3534506.203262698,-0.013409464899618362
2021-05-26,3543249.8674609675,0.002473800778790114
2021-05-27,3597869.177952537,0.015415032113077709
2021-05-28,3572546.760118529,-0.007038170812096678
2021-06-01,3613669.0537538608,0.011510638319529587
2021-06-02,3760213.5825899174,0.040552836094336575
2021-06-03,3832861.6884258892,0.019320207280867807
2021-06-04,3901670.6846777447,0.01795238175685765
2021-06-07,3922743.4294676627,0.005400954230369237
2021-06-08,3908335.9743033987,-0.0036728007893749304
2021-06-09,3861347.313307147,-0.012022676992252901
2021-06-10,3888946.5674366574,0.00714757101346386
2021-06-11,3925958.2354519363,0.009517144906332486
2021-06-14,3798472.8282087874,-0.03247243083024631
2021-06-15,3725526.9962144895,-0.019203989417161726
2021-06-16,3610429.2730190507,-0.030894346843383436
2021-06-17,3492730.4831600343,-0.032599666399390936
2021-06-18,3420527.4606270776,-0.020672371624744224
2021-06-21,3546449.5759892827,0.03681365427164862
2021-06-22,3632618.4799320516,0.024297230820977456
2021-06-23,3611374.9666115935,-0.005847989112485963
2021-06-24,3513738.561819532,-0.027035798191753502
2021-06-25,3540800.600542736,0.0077017792436981924
2021-06-28,3497644.1754706283,-0.012188324037646248
2021-06-29,3429807.5588489217,-0.01939494505972117
2021-07-01,3397757.4144286145,-0.009344589709593953
2021-07-02,3355812.7272029426,-0.01234481515588881
2021-07-05,3388381.1936239246,0.009705090560320873
2021-07-06,3477958.5175365363,0.02643661347228976
2021-07-07,3489598.096777303,0.0033466699450490633
2021-07-08,3516217.4394492693,0.007628197269063497
2021-07-09,3518528.6573069408,0.0006573023134863742
2021-07-12,3517319.397879035,-0.00034368326811673455
2021-07-13,3515367.8383721695,-0.0005548428465275146
2021-07-14,3495893.565210986,-0.005539754033308086
2021-07-15,3466804.8456998277,-0.008320825267860488
2021-07-16,3487010.8195115477,0.005828413975128566
2021-07-19,3396561.27541385,-0.025938991525804256
2021-07-20,3278499.0267154453,-0.03475934603417963
2021-07-22,3360472.1995425057,0.025003262822129058
2021-07-23,3397847.665231823,0.011122087453782736
2021-07-26,3438815.0356227127,0.012056859055243896
2021-07-27,3480188.2957530594,0.012031254865923602
2021-07-28,3476244.7995514576,-0.001133127252457622
2021-07-29,3513103.0906355074,0.01060290434344724
2021-08-02,3493144.227805148,-0.005681263064429176
2021-08-03,3565790.483588864,0.020796809706698616
2021-08-04,3458394.2562216083,-0.030118490657691344
2021-08-05,3438547.6488988977,-0.005738676927018016
2021-08-06,3477244.009836481,0.011253693387083041
2021-08-09,3476557.6385100214,-0.00019738946260827728
2021-08-10,3361663.6629101597,-0.03304820099260686
2021-08-11,3297325.4987460626,-0.019138786807839092
2021-08-12,3388090.839712058,0.0275269581363784
2021-08-13,3368454.187044464,-0.005795786948045056
2021-08-16,3408829.1779203415,0.011986207510603863
2021-08-17,3387580.411177297,-0.006233450147832831
2021-08-18,3365410.863253896,-0.006544360644621938
2021-08-20,3220479.3438042924,-0.04306502989934324
2021-08-23,3145748.145148935,-0.023204992386965273
2021-08-24,3303553.444117957,0.05016463228703594
2021-08-25,3379477.3524294347,0.022982497361034637
2021-08-26,3438322.637691728,0.01741254020240457
2021-08-27,3437229.924375603,-0.0003178041828146849
2021-08-30,3500609.0236753467,0.018439004865598907
2021-09-01,3488764.9491345044,-0.0033834325572317248
2021-09-02,3486474.5330292154,-0.0006565120146191372
2021-09-03,3552854.9509319454,0.019039409946601804
2021-09-06,3575176.321846164,0.006282657531055058
2021-09-07,3551366.1942403936,-0.006659847085101256
2021-09-08,3671249.128351375,0.03375684949229041
2021-09-09,3757237.679510841,0.023422150922806084
2021-09-13,3887170.858977033,0.03458210274392548
2021-09-14,3901168.446895646,0.0036009705841169026
2021-09-15,3931019.452179334,0.007651811422662913
2021-09-16,3918651.4335931744,-0.0031462623720426297
2021-09-17,3892755.1789781395,-0.006608460857997156
2021-09-20,3806269.8272083723,-0.0222170025581907
2021-09-21,3781652.858658513,-0.006467478572824703
2021-09-22,3858169.7002751753,0.02023370321828155
2021-09-23,3920094.048421493,0.016050187772171043
2021-09-24,3889324.84697205,-0.007849097768925395
2021-09-27,3883141.0562001774,-0.001589939389271433
2021-09-28,3909354.403998319,0.006750552560094825
2021-09-29,3985536.071476007,0.019487020005086286
2021-10-01,4155836.8430598993,0.04272970273753485
2021-10-04,4191871.0703594284,0.008670751201338645
2021-10-05,4214477.6800631555,0.005392963982975951
2021-10-06,4190090.7098171655,-0.00578647512154451
2021-10-07,4225852.522126345,0.008534853965187716
2021-10-08,4257893.196975632,0.007582061768962145
2021-10-11,4340589.23067257,0.019421819635043303
2021-10-12,4397567.096880061,0.013126758414470308
2021-10-13,4488124.497627567,0.020592613768589008
2021-10-14,4508285.02910577,0.004491972423862345
2021-10-18,4510648.896997314,0.0005243386068720657
2021-10-19,4331096.7862693835,-0.03980627063380082
2021-10-20,4197507.210528824,-0.03084428317650878
2021-10-21,4124464.941356306,-0.017401344538325536
2021-10-22,4054811.791782626,-0.016887802554766074
2021-10-25,3911691.336457356,-0.035296448435736094
2021-10-26,4037434.1354138497,0.032145378594818697
2021-10-27,4072933.2852023756,0.008792502514691103
2021-10-28,3966667.8434196077,-0.0260906413981411
2021-11-01,3952752.6318742833,-0.003508035483336114
2021-11-02,4040959.5381490435,0.02231531150304611
2021-11-03,4014795.617294857,-0.006474680235519226
2021-11-04,4098740.614629775,0.020908909278793963
2021-11-08,4087424.4841257413,-0.002760879881894107
2021-11-09,4166060.003871909,0.019238403070579668
2021-11-10,4210658.610361251,0.010705224228141796
2021-11-11,4220220.52534764,0.0022708834581981474
2021-11-12,4186640.0183428056,-0.00795705030178917
2021-11-15,4206100.527951069,0.004648240479955712
2021-11-16,4272273.531554462,0.015732625305469927
2021-11-17,4313950.609913146,0.009755245784442979
2021-11-18,4215392.770186394,-0.022846306932738814
2021-11-22,4090327.4040788705,-0.02966873383473445
2021-11-23,4267066.113168068,0.04320893943916415
2021-11-24,4357170.447104532,0.021116226359465973
2021-11-25,4518412.036379201,0.03700603206418496
2021-11-26,4376785.130192101,-0.03134439821928947
2021-11-29,4249165.25355918,-0.02915836003750083
2021-12-01,4375631.93428978,0.02976271177607659
2021-12-02,4375631.93428978,0.0
2021-12-03,4375631.93428978,0.0
2021-12-06,4375631.93428978,0.0
2021-12-07,4375631.93428978,0.0
2021-12-08,4375631.93428978,0.0
2021-12-09,4375631.93428978,0.0
2021-12-10,4375631.93428978,0.0
2021-12-13,4375631.93428978,0.0
2021-12-14,4375631.93428978,0.0
2021-12-15,4375631.93428978,0.0
2021-12-16,4375631.93428978,0.0
2021-12-17,4375631.93428978,0.0
2021-12-20,4375631.93428978,0.0
2021-12-21,4375631.93428978,0.0
2021-12-22,4375631.93428978,0.0
2021-12-23,4375631.93428978,0.0
2021-12-24,4375631.93428978,0.0
2021-12-27,4375631.93428978,0.0
2021-12-28,4375631.93428978,0.0
2021-12-29,4375631.93428978,0.0
2021-12-30,4375631.93428978,0.0
2022-02-01,4375631.93428978,0.0
2022-02-02,4375631.93428978,0.0
2022-02-03,4375631.93428978,0.0
2022-02-04,4375631.93428978,0.0
2022-02-07,4375631.93428978,0.0
2022-02-08,4375631.93428978,0.0
2022-02-09,4375631.93428978,0.0
2022-02-10,4375631.93428978,0.0
2022-02-11,4375631.93428978,0.0
2022-02-14,4375631.93428978,0.0
2022-02-15,4375631.93428978,0.0
2022-02-16,4375631.93428978,0.0
2022-02-17,4375631.93428978,0.0
2022-02-18,4375631.93428978,0.0
2022-02-21,4375631.93428978,0.0
2022-02-22,4375631.93428978,0.0
2022-02-23,4375631.93428978,0.0
2022-02-24,4375631.93428978,0.0
2022-02-25,4375631.93428978,0.0
2022-03-02,4375631.93428978,0.0
2022-03-03,4375631.93428978,0.0
2022-03-04,4375631.93428978,0.0
2022-03-07,4375631.93428978,0.0
2022-03-08,4375631.93428978,0.0
2022-03-09,4375631.93428978,0.0
2022-03-10,4375631.93428978,0.0
2022-03-11,4375631.93428978,0.0
2022-03-14,4375631.93428978,0.0
2022-03-15,4375631.93428978,0.0
2022-03-16,4375631.93428978,0.0
2022-03-17,4375631.93428978,0.0
2022-03-21,4375631.93428978,0.0
2022-03-22,4375631.93428978,0.0
2022-03-23,4375631.93428978,0.0
2022-03-24,4375631.93428978,0.0
2022-03-25,4375631.93428978,0.0
2022-03-28,4375631.93428978,0.0
2022-03-29,4375631.93428978,0.0
2022-03-30,4375631.93428978,0.0
2022-04-01,4394680.948519194,0.004353431576393563
2022-04-04,4605420.296309354,0.04795327584842535
2022-04-05,4745317.83525985,0.030376714816366723
2022-04-06,4855539.770303423,0.023227513702996694
2022-04-07,4730716.356439459,-0.025707422813707748
2022-04-08,4788029.401028875,0.012115087921388712
2022-04-11,4930329.35834787,0.029719942256080767
2022-04-12,4815174.237468686,-0.023356476314144725
2022-04-13,4659788.780404432,-0.03226995522927112
2022-04-18,4580137.000161638,-0.017093431482935406
2022-04-19,4425199.617253815,-0.03382811101553396
2022-04-20,4422054.125088367,-0.0007108136214203364
2022-04-21,4684201.422709499,0.05928179307753112
2022-04-22,4601145.969982083,-0.017730973805855976
2022-04-25,4426593.773375696,-0.03793667876332707
2022-04-26,4552909.637451102,0.028535680150988618
2022-04-27,4405867.426850556,-0.03229631648979214
2022-04-28,4297103.551466226,-0.024686143464393462
2022-05-02,4131143.0760514718,-0.03862147454140963
2022-05-04,4131143.0760514718,0.0
2022-05-05,4131143.0760514718,0.0
2022-05-06,4131143.0760514718,0.0
2022-05-09,4131143.0760514718,0.0
2022-05-10,4131143.0760514718,0.0
2022-05-11,4131143.0760514718,0.0
2022-05-12,4131143.0760514718,0.0
2022-05-13,4131143.0760514718,0.0
2022-05-16,4131143.0760514718,0.0
2022-05-17,4131143.0760514718,0.0
2022-05-18,4131143.0760514718,0.0
2022-05-19,4131143.0760514718,0.0
2022-05-20,4131143.0760514718,0.0
2022-05-23,4131143.0760514718,0.0
2022-05-24,4131143.0760514718,0.0
2022-05-25,4131143.0760514718,0.0
2022-05-26,4131143.0760514718,0.0
2022-05-27,4131143.0760514718,0.0
2022-05-30,4131143.0760514718,0.0
2022-06-01,4131143.0760514718,0.0
2022-06-02,4131143.0760514718,0.0
2022-06-03,4131143.0760514718,0.0
2022-06-06,4131143.0760514718,0.0
2022-06-07,4131143.0760514718,0.0
2022-06-08,4131143.0760514718,0.0
2022-06-09,4131143.0760514718,0.0
2022-06-10,4131143.0760514718,0.0
2022-06-13,4131143.0760514718,0.0
2022-06-14,4131143.0760514718,0.0
2022-06-15,4131143.0760514718,0.0
2022-06-16,4131143.0760514718,0.0
2022-06-17,4131143.0760514718,0.0
2022-06-20,4131143.0760514718,0.0
2022-06-21,4131143.0760514718,0.0
2022-06-22,4131143.0760514718,0.0
2022-06-23,4131143.0760514718,0.0
2022-06-24,4131143.0760514718,0.0
2022-06-27,4131143.0760514718,0.0
2022-06-28,4131143.0760514718,0.0
2022-06-29,4131143.0760514718,0.0
2022-07-01,4131143.0760514718,0.0
2022-07-04,4131143.0760514718,0.0
2022-07-05,4131143.0760514718,0.0
2022-07-06,4131143.0760514718,0.0
2022-07-07,4131143.0760514718,0.0
2022-07-08,4131143.0760514718,0.0
2022-07-11,4131143.0760514718,0.0
2022-07-12,4131143.0760514718,0.0
2022-07-13,4131143.0760514718,0.0
2022-07-14,4131143.0760514718,0.0
2022-07-15,4131143.0760514718,0.0
2022-07-18,4131143.0760514718,0.0
2022-07-19,4131143.0760514718,0.0
2022-07-20,4131143.0760514718,0.0
2022-07-21,4131143.0760514718,0.0
2022-07-22,4131143.0760514718,0.0
2022-07-25,4131143.0760514718,0.0
2022-07-26,4131143.0760514718,0.0
2022-07-27,4131143.0760514718,0.0
2022-07-28,4131143.0760514718,0.0
2022-08-01,4174599.794334938,0.01051929635053983
2022-08-02,4273484.719935849,0.023687282727101522
2022-08-03,4378748.036774386,0.024631728843555134
2022-08-04,4353185.283724154,-0.005837913676591033
2022-08-05,4301946.571414852,-0.011770395462117333
2022-08-08,4260504.21806558,-0.009633395641090337
2022-08-10,4276804.7323037265,0.003825958948480368
2022-08-11,4306960.609612143,0.007051029728021296
2022-08-12,4338732.972866009,0.007376980226602825
2022-08-16,4455204.099493444,0.026844502152087557
2022-08-17,4558433.2645206135,0.023170468225890417
2022-08-18,4611213.726882023,0.011578641015151492
2022-08-19,4607641.552436513,-0.0007746711944157658
2022-08-22,4577255.881237952,-0.006594625656696995
2022-08-23,4565975.303330406,-0.0024644848792013674
2022-08-24,4544780.303172925,-0.004641943670177451
2022-08-25,4568587.215113698,0.005238297640955736
2022-08-26,4589819.980339169,0.004647556066179392
2022-08-29,4703057.372549121,0.02467142343164075
2022-09-01,4862004.773817554,0.03379661115685706
2022-09-02,4771112.969298996,-0.01869430589785115
2022-09-05,4772230.226036814,0.00023417109278422998
2022-09-06,4824916.615958881,0.011040202887659278
2022-09-07,4834463.452273039,0.001978653119637741
2022-09-08,4862209.315808299,0.005739181567752771
2022-09-09,4856442.748414808,-0.0011859973561283432
2022-09-12,4869176.978136157,0.0026221311319907237
2022-09-13,5030696.219067568,0.03317177454355713
2022-09-14,5097155.432821544,0.013210738804318778
2022-09-15,5134994.8267770475,0.007423629601688964
2022-09-16,5131010.991881751,-0.0007758206248859034
2022-09-19,5103129.299389449,-0.005433956882262891
2022-09-20,5286287.709089846,0.035891391135692174
2022-09-21,5252927.2231973475,-0.006310758651129622
2022-09-22,5273220.986277113,0.0038633246221546624
2022-09-23,5129929.760874563,-0.02717337767096184
2022-09-26,4884508.710183215,-0.04784101578995259
2022-09-27,4947892.669897765,0.012976527113649494
2022-09-28,4843279.771689668,-0.0211429198625398
2022-09-29,4830850.416555489,-0.0025663095505719102
2022-10-03,4673247.742610523,-0.03262420906365826
2022-10-04,4764267.862824717,0.01947684463296806
2022-10-06,4900275.757547027,0.028547491165132
2022-10-07,4969231.884729551,0.014071887092542257
2022-10-10,4965505.073559539,-0.0007499773116775854
2022-10-11,4923369.103513561,-0.008485736983805503
2022-10-12,4939092.591629958,0.0031936439835833497
2022-10-13,4893412.328217531,-0.009248715743827018
2022-10-14,4797611.190024864,-0.019577573228447553
2022-10-17,4853955.2115506185,0.011744182530444514
2022-10-18,4904363.3820587015,0.010384968198332345
2022-10-19,4800960.327451565,-0.021083889294461478
2022-10-20,4862253.38359815,0.012766832459771615
2022-10-21,4781529.465404111,-0.016602161965961093
2022-10-24,4825683.296886883,0.00923424853956023
2022-10-25,4819174.073551855,-0.0013488708094927526
2022-10-27,4820034.880658888,0.00017862129358592327
2022-10-28,4785857.3904958395,-0.007090714280967303
2022-11-01,4892445.8636869155,0.02227155230382505
2022-11-02,4848281.465199182,-0.009027059208878363
2022-11-03,4896154.334564762,0.00987419350737162
2022-11-04,5016938.304268056,0.024669150817123953
2022-11-07,5130703.013212355,0.02267612277542197
2022-11-09,5252703.12497169,0.023778439610549595
2022-11-10,5265879.222732491,0.0025084413581573095
2022-11-11,5240429.835031963,-0.0048328848088016185
2022-11-14,5300098.238427851,0.011386165882235177
2022-11-15,5285226.411507313,-0.002805953069456635
2022-11-16,5195595.253036579,-0.016958811504382054
2022-11-17,5139591.984560581,-0.010778989845921294
2022-11-18,5097294.616702211,-0.008229713172841713
2022-11-21,5039278.457679388,-0.011381755104506341
2022-11-22,5052239.105289279,0.002571925270400399
2022-11-23,5066742.9560305225,0.002870776786090712
2022-11-24,5058314.267578216,-0.0016635318833915225
2022-11-25,5047465.071459231,-0.0021448244504150837
2022-11-28,5009542.858917409,-0.007513120349510238
2022-11-29,4970306.580881071,-0.007832307086961698
2022-12-01,5045788.71084035,0.015186614493687411
2022-12-02,5019266.035175974,-0.0052563983916716905
2022-12-05,5047201.994254716,0.005565745844703596
2022-12-06,5093427.658939993,0.009158671425850695
2022-12-07,5098652.5983014535,0.0010258198822730158
2022-12-08,5096783.8031889275,-0.00036652724940478
2022-12-09,5000269.406641348,-0.018936333239638836
2022-12-12,4973991.2678481145,-0.005255344593699585
2022-12-13,5037831.324015761,0.012834774475843691
2022-12-14,5089081.780891603,0.010173118863969766
2022-12-15,5029606.894200383,-0.011686761826963599
2022-12-16,4962811.332226277,-0.0132804736789921
2022-12-19,4992908.553466024,0.006064550760636056
2022-12-20,5018924.908632468,0.005210661258433058
2022-12-21,4763117.214422182,-0.05096862353335896
2022-12-22,4631895.414284322,-0.027549563496051532
2022-12-23,4373401.218599508,-0.055807433580569055
2022-12-26,4597366.344318765,0.05121074297202899
2022-12-27,4730350.0413944,0.028926060512878493
2022-12-28,4913259.514153721,0.038667217258493425
2022-12-29,5009749.911521524,0.019638774847907214
2023-02-01,5085669.102019452,0.0
2023-02-02,5085669.102019452,0.0
2023-02-03,5085669.102019452,0.0
2023-02-06,5085669.102019452,0.0
2023-02-07,5085669.102019452,0.0
2023-02-08,5085669.102019452,0.0
2023-02-09,5085669.102019452,0.0
2023-02-10,5085669.102019452,0.0
2023-02-13,5085669.102019452,0.0
2023-02-14,5085669.102019452,0.0
2023-02-15,5085669.102019452,0.0
2023-02-16,5085669.102019452,0.0
2023-02-17,5085669.102019452,0.0
2023-02-20,5085669.102019452,0.0
2023-02-21,5085669.102019452,0.0
2023-02-22,5085669.102019452,0.0
2023-02-23,5085669.102019452,0.0
2023-02-24,5085669.102019452,0.0
2023-02-27,5085669.102019452,0.0
2023-03-01,5085669.102019452,0.0
2023-03-02,5085669.102019452,0.0
2023-03-03,5085669.102019452,0.0
2023-03-06,5085669.102019452,0.0
2023-03-08,5085669.102019452,0.0
2023-03-09,5085669.102019452,0.0
2023-03-10,5085669.102019452,0.0
2023-03-13,5085669.102019452,0.0
2023-03-14,5085669.102019452,0.0
2023-03-15,5085669.102019452,0.0
2023-03-16,5085669.102019452,0.0
2023-03-17,5085669.102019452,0.0
2023-03-20,5085669.102019452,0.0
2023-03-21,5085669.102019452,0.0
2023-03-22,5085669.102019452,0.0
2023-03-23,5085669.102019452,0.0
2023-03-24,5085669.102019452,0.0
2023-03-27,5085669.102019452,0.0
2023-03-28,5085669.102019452,0.0
2023-03-29,5085669.102019452,0.0
2023-04-03,5085669.102019452,0.0
2023-04-05,5085669.102019452,0.0
2023-04-06,5085669.102019452,0.0
2023-04-10,5085669.102019452,0.0
2023-04-11,5085669.102019452,0.0
2023-04-12,5085669.102019452,0.0
2023-04-13,5085669.102019452,0.0
2023-04-17,5085669.102019452,0.0
2023-04-18,5085669.102019452,0.0
2023-04-19,5085669.102019452,0.0
2023-04-20,5085669.102019452,0.0
2023-04-21,5085669.102019452,0.0
2023-04-24,5085669.102019452,0.0
2023-04-25,5085669.102019452,0.0
2023-04-26,5085669.102019452,0.0
2023-04-27,5085669.102019452,0.0
2023-05-02,5027020.532934694,-0.011532124467451
2023-05-03,5082091.763003047,0.01095504378936818
2023-05-04,5063044.52899856,-0.0037479122559627154
2023-05-05,5138410.791191283,0.01488556179213174
2023-05-08,5120136.568971266,-0.0035563957345223773
2023-05-09,4969924.375943313,-0.029337536412262777
2023-05-10,5158486.792947652,0.03794070145555262
2023-05-11,5234465.576969096,0.01472888989951815
2023-05-12,5429981.519641943,0.03735165315311062
2023-05-15,5568367.1638155915,0.025485472404107368
2023-05-16,5848031.998232345,0.05022384950368819
2023-05-17,5882945.500033403,0.005970128380215822
2023-05-18,5692942.072659282,-0.03229732918196204
2023-05-19,5701678.492221478,0.0015346053851756913
2023-05-22,5839373.489034761,0.02414990550609497
2023-05-23,5869852.423294182,0.005219555542500309
2023-05-24,6021473.215956239,0.02583042668336244
2023-05-25,6182325.936152492,0.026713183705610488
2023-05-26,6182931.000336813,9.786999109562267e-05
2023-05-29,6325169.481947329,0.02300502489883316
2023-05-30,6200027.117150129,-0.01978482397260173
2023-06-01,6287574.2189432345,0.014120438530170087
2023-06-02,6409555.57390466,0.019400384109012903
2023-06-05,6721590.6610505,0.04868279610777293
2023-06-06,6807430.871600892,0.012770817932696854
2023-06-07,6867738.297465412,0.008859058138380727
2023-06-08,6912954.986686679,0.0065839272352521405
2023-06-09,7231264.872563467,0.04604541567098375
2023-06-12,7235371.513828053,0.0005679008219110493
2023-06-13,7206098.544642345,-0.004045814251522839
2023-06-14,7169737.455983919,-0.005045877243166519
2023-06-15,7367570.781665297,0.027592827058997127
2023-06-16,7690425.380704893,0.04382103797944392
2023-06-19,7877438.0550105665,0.024317598188376532
2023-06-20,8002656.126661278,0.015895786266585166
2023-06-21,7953975.411299188,-0.006083069744794889
2023-06-22,7951446.074808441,-0.0003179965187161127
2023-06-23,7863140.948894698,-0.011105542951930336
2023-06-26,8202641.644100197,0.0431762189450795
2023-06-27,8301848.833297292,0.012094541429644279
2023-06-28,8292096.551803287,-0.0011747120057028493
2023-07-03,8676008.712022185,0.04629856367692775
2023-07-04,8589896.184564844,-0.009925362031738993
2023-07-05,8636758.152213681,0.005455475437880608
2023-07-06,8692659.309954135,0.006472469965611571
2023-07-07,8457349.518719561,-0.02706994290747311
2023-07-10,8374525.380854428,-0.009793155371172757
2023-07-11,8766386.863510348,0.046792082516315725
2023-07-12,8696492.622876208,-0.007972981539871471
2023-07-13,8690818.308412338,-0.0006524830997894915
2023-07-14,8765850.029167157,0.008633447172884834
2023-07-17,8891467.607829692,0.014330336275952815
2023-07-18,9007261.575054405,0.013023043251346511
2023-07-19,9351309.080216134,0.0381966818988102
2023-07-20,9492315.820797896,0.015078823656901719
2023-07-21,9418185.211226135,-0.007809538891377699
2023-07-24,9503366.800846452,0.009044374017914025
2023-07-25,9787021.622496586,0.02984782420740295
2023-07-26,9772626.641261052,-0.0014708234834636125
2023-07-27,9816805.905447157,0.004520715444052303
2023-07-28,9833875.205810398,0.0017387835236479798
2023-08-01,10030216.429319857,0.01996580385659663
2023-08-02,9835208.5003381,-0.019442045977364875
2023-08-03,9712900.483570166,-0.012435731968847397
2023-08-04,9775213.779300714,0.006415518807791232
2023-08-07,9779894.911137268,0.00047887769436472105
2023-08-08,9734270.609547412,-0.004665111640197672
2023-08-09,9779735.083904805,0.004670557885744442
2023-08-10,9771345.54990387,-0.0008578487994774786
2023-08-11,9793241.270021897,0.0022408091092678273
2023-08-14,9823381.77218026,0.003077684019756166
2023-08-16,9978043.319636201,0.015744226483586532
2023-08-17,9902461.829483332,-0.007574780719194707
2023-08-18,9640844.582240682,-0.026419414863455226
2023-08-21,10132338.751450796,0.05098040581584429
2023-08-22,10263449.198039899,0.012939800948752245
2023-08-23,10469571.855032142,0.02008317603711718
2023-08-24,10900613.303774524,0.04117087639407191
2023-08-25,10982580.643718906,0.007519516348313937
2023-08-28,10882296.270935504,-0.009131221161645331
2023-08-29,10664377.445915233,-0.020025077391275348
2023-08-30,10724324.831850817,0.005621273838028351
2023-09-01,11420319.606914634,0.06489870327283809
2023-09-04,11912437.115604928,0.043091395480064465
2023-09-05,11982523.284983024,0.00588344506652505
2023-09-06,11701009.830831394,-0.023493670528012656
2023-09-07,12192652.507492721,0.04201711508402295
2023-09-08,12730435.405283764,0.044107129064866024
2023-09-11,13544697.775434492,0.06396186337921872
2023-09-12,12424032.453600656,-0.08273830397798498
2023-09-13,12344519.486101594,-0.006399932372682993
2023-09-14,12539031.823085302,0.01575697921678576
2023-09-15,13038260.75298068,0.039813993371980994
2023-09-18,12677752.430424519,-0.02765003165577473
2023-09-20,12747867.56460782,0.005530565024683298
2023-09-21,12567725.726408768,-0.014131135053456534
2023-09-22,12624831.584270217,0.00454384978671607
2023-09-25,12528571.238694847,-0.007624683539961374
2023-09-26,12693672.742269745,0.01317799934480779
2023-09-27,12783960.223587744,0.007112794157465796
2023-09-28,12688233.856002664,-0.007488005743983339
2023-10-03,12869432.03755761,0.014280804059205066
2023-10-04,12929636.050404873,0.004678062922401471
2023-10-05,12925152.860362455,-0.00034673752802782953
2023-10-06,12863332.80512138,-0.004782926431041168
2023-10-09,12695507.558767002,-0.013046793463009965
2023-10-10,12889167.358195718,0.0152541990568138
2023-10-11,13222619.779005144,0.025870749563772
2023-10-12,13205804.742513979,-0.0012716872126856682
2023-10-13,12998333.406278864,-0.01571061667807294
2023-10-16,13369649.696883893,0.02856645379058098
2023-10-17,13790527.716554023,0.03148010824608405
2023-10-18,13574538.242340017,-0.01566216164119194
2023-10-19,13326706.961936448,-0.018257068931491482
2023-10-20,13231011.171979263,-0.007180752921971623
2023-10-23,12670195.778045688,-0.04238643491748195
2023-10-25,12523575.158337384,-0.011572087935875497
2023-10-26,12401646.713175438,-0.009735913556663145
2023-10-27,12862262.992973851,0.037141541800981726
2023-10-30,12753533.383203749,-0.008453381013084349
2023-11-01,13158832.065728342,0.031779325018929105
2023-11-02,13158832.065728342,0.0
2023-11-03,13158832.065728342,0.0
2023-11-06,13158832.065728342,0.0
2023-11-07,13158832.065728342,0.0
2023-11-08,13158832.065728342,0.0
2023-11-09,13158832.065728342,0.0
2023-11-10,13158832.065728342,0.0
2023-11-12,13158832.065728342,0.0
2023-11-13,13158832.065728342,0.0
2023-11-15,13158832.065728342,0.0
2023-11-16,13158832.065728342,0.0
2023-11-17,13158832.065728342,0.0
2023-11-20,13158832.065728342,0.0
2023-11-21,13158832.065728342,0.0
2023-11-22,13158832.065728342,0.0
2023-11-23,13158832.065728342,0.0
2023-11-24,13158832.065728342,0.0
2023-11-28,13158832.065728342,0.0
2023-11-29,13158832.065728342,0.0
2023-12-01,13071756.24402463,-0.006617291053550023
2023-12-04,13022842.969395017,-0.0037419053504744726
2023-12-05,12961540.611722255,-0.004707294545194807
2023-12-06,12848199.174086243,-0.008744441809140135
2023-12-07,12824720.523560427,-0.0018273884306814203
2023-12-08,12667036.907368148,-0.012295286739589906
2023-12-11,12727290.89302469,0.00475675456676794
2023-12-12,12706461.978320625,-0.0016365552480207546
2023-12-13,13831330.808265338,0.08852730460012626
2023-12-14,15063456.624385849,0.089082231724529
2023-12-15,14117196.74672733,-0.06281824293413785
2023-12-18,14080354.136791458,-0.0026097681145099694
2023-12-19,13820826.290856108,-0.018431911826508163
2023-12-20,13375044.766324779,-0.032254332349597625
2023-12-21,13427088.156872159,0.0038910815968566936
2023-12-22,13644914.675992329,0.016222915689183326
2023-12-26,13873732.58766484,0.016769464456608763
2023-12-27,13885778.191238351,0.00086823091748367
2023-12-28,13873053.541611295,-0.0009163800149915025
2024-02-01,18239130.12346212,0.0
2024-02-02,18458149.176487662,0.012008196199214893
2024-02-05,18189829.628176793,-0.014536644261855858
2024-02-06,19750777.49840619,0.08581432053719862
2024-02-07,20261375.90460708,0.02585206613978075
2024-02-08,20217626.987618014,-0.0021592273493685754
2024-02-09,19702752.4975282,-0.02546661338668199
2024-02-12,18885574.17292245,-0.04147533826597405
2024-02-13,19658533.57413255,0.04092856241132159
2024-02-14,19478250.836206384,-0.009170711398503784
2024-02-15,19378515.359211143,-0.00512035078682993
2024-02-16,19253425.72888461,-0.00645506779068461
2024-02-19,19385400.13009017,0.006854593206629511
2024-02-20,18959876.147283908,-0.021950745403792826
2024-02-21,18787560.901700508,-0.009088416202976402
2024-02-22,18777472.870526187,-0.0005369526798664204
2024-02-23,19079888.38089716,0.01610522951923188
2024-02-26,19888882.543681487,0.042400361398041264
2024-02-27,19718532.420602493,-0.00856509271975725
2024-02-28,18737965.8513426,-0.049728171871217364
2024-03-01,19434188.389914054,0.037155716052368115
2024-03-02,19362676.17947422,-0.003679711702133548
2024-03-04,19098991.225528214,-0.013618208118644781
2024-03-05,18971296.65086838,-0.00668593294546127
2024-03-06,18531907.002204694,-0.023160760002325587
2024-03-07,18782669.834659718,0.013531410039193004
2024-03-11,18595541.1242951,-0.009962838723774459
2024-03-12,17826089.17863048,-0.04137830356866201
2024-03-13,16248204.334375307,-0.08851548022920841
2024-03-14,17932101.19135588,0.10363587399119911
2024-03-15,17910209.44475316,-0.001220813242637453
2024-03-18,18154066.507572263,0.013615533842377348
2024-03-19,17304051.17687171,-0.046822310050808946
2024-03-20,17292613.115026187,-0.0006610048553722381
2024-03-21,17600737.449993964,0.017818263377443966
2024-03-22,17445657.067088883,-0.008811016205751865
2024-03-26,16713007.87077061,-0.04199607922480664
2024-03-27,16747894.857617475,0.002087415210751953
2024-04-01,17159146.311338462,0.024555411722920972
2024-04-02,17159146.311338462,0.0
2024-04-03,17159146.311338462,0.0
2024-04-04,17159146.311338462,0.0
2024-04-05,17159146.311338462,0.0
2024-04-08,17159146.311338462,0.0
2024-04-09,17159146.311338462,0.0
2024-04-10,17159146.311338462,0.0
2024-04-12,17159146.311338462,0.0
2024-04-15,17159146.311338462,0.0
2024-04-16,17159146.311338462,0.0
2024-04-18,17159146.311338462,0.0
2024-04-19,17159146.311338462,0.0
2024-04-22,17159146.311338462,0.0
2024-04-23,17159146.311338462,0.0
2024-04-24,17159146.311338462,0.0
2024-04-25,17159146.311338462,0.0
2024-04-26,17159146.311338462,0.0
2024-04-29,17159146.311338462,0.0
2024-05-02,16979068.97892325,-0.010494539130785352
2024-05-03,16730327.655473271,-0.014649880023383521
2024-05-06,16207555.608547488,-0.03124697003496879
2024-05-07,15790936.922305169,-0.02570521405600512
2024-05-08,15935690.520688998,0.00916687838701713
2024-05-09,15725746.028550537,-0.013174483519612368
2024-05-10,15855922.4478043,0.0082779169279108
2024-05-13,15880586.659519387,0.0015555204559229985
2024-05-14,16120312.388672302,0.01509552098374245
2024-05-15,16232814.728469307,0.006978918093179187
2024-05-16,16352787.16057163,0.0073907350086312995
2024-05-17,16355256.466331935,0.00015100213413532515
2024-05-18,16533644.418154387,0.0109070715087638
2024-05-21,18036382.02469965,0.09088967734755538
2024-05-22,18016562.150355164,-0.001098883041917409
2024-05-23,17932249.941119596,-0.00467970573586407
2024-05-24,18043963.87648548,0.006229777954952498
2024-05-27,17497031.79121478,-0.03031108292028084
2024-05-28,17354185.914326984,-0.008164006249306688
2024-05-29,17186175.153222196,-0.009681281618983073
2024-05-30,17229767.703901835,0.002536489375384088
2024-06-03,21974471.65607823,0.2753782891165686
2024-06-04,18166339.26484291,-0.17329801830215907
2024-06-05,21587727.096910626,0.1883366693855093
2024-06-06,23331018.47558043,0.08075381770595413
2024-06-07,23657135.21960135,0.013977818600686254
2024-06-10,24387519.757942583,0.030873752530106158
2024-06-11,25682596.457470827,0.053104075870874956
2024-06-12,26864405.6921891,0.046015956240066824
2024-06-13,27373896.08132604,0.018965258155146048
2024-06-14,32083303.086001102,0.1720400702436995
2024-06-18,30064773.870193128,-0.06291525565173861
2024-06-19,29897563.15759471,-0.005561682030949644
2024-06-20,29790568.25142879,-0.003578716619877409
2024-06-21,29335416.61516811,-0.015278380473284559
2024-06-24,29518122.86611185,0.006228179859878669
2024-06-25,29298055.55470129,-0.007455328796100558
2024-06-26,29021773.68855228,-0.009430041035766945
2024-06-27,30100236.293081023,0.037160464970276585
2024-07-01,31079754.33661971,0.032541872229881585
2024-07-02,31687694.974824984,0.019560664206697664
2024-07-03,32081389.632741053,0.012424212560391279
2024-07-04,32401335.21430545,0.009972934004014444
2024-07-05,32494836.10370003,0.0028857109985176432
2024-07-08,32510190.88101751,0.0004725297665288952
2024-07-09,32347038.340540823,-0.005018504538278568
2024-07-10,31993454.29674809,-0.010930955720591662
2024-07-11,32055539.21956921,0.0019405507840843939
2024-07-12,32118973.582781244,0.001978889288916097
2024-07-15,31797318.092658762,-0.01001450090842626
2024-07-16,31809940.191302944,0.00039695481887491724
2024-07-18,31244095.43429796,-0.017788299933983787
2024-07-19,30321928.083243795,-0.029514931965092583
2024-07-22,30282760.482974593,-0.0012917252544651925
2024-07-23,30531424.435174633,0.008211403063463907
2024-07-24,31451725.605134126,0.030142752491404634
2024-07-25,31689301.186103646,0.007553658071172364
2024-07-26,31985326.585716713,0.009341493454670502
2024-07-29,32086566.39818805,0.0031651955217661953
2024-07-30,32726304.591578547,0.019937882584614153
2024-08-01,32564731.73927945,-0.004937094313443358
2024-08-02,32648271.67352429,0.0025653499900961663
2024-08-05,31175415.432664737,-0.04511283952754985
2024-08-06,30755352.443962187,-0.0134741745337712
2024-08-07,31555724.51616597,0.026023830280017313
2024-08-08,31137310.252998352,-0.01325953593470075
2024-08-09,31366169.86880076,0.007350012378810611
2024-08-12,30854525.83345414,-0.016311970428226852
2024-08-13,30476432.884189785,-0.012254051522464393
2024-08-14,30632170.9527457,0.0051101147285745885
2024-08-16,31204144.599932306,0.018672318330586357
2024-08-19,31459295.346406214,0.008176822333865852
2024-08-20,31564040.976194307,0.0033295605840726328
2024-08-21,31246778.432026684,-0.01005139184830306
2024-08-22,31730614.08294493,0.015484337112408708
2024-08-23,32729332.161245085,0.03147490545532694
2024-08-26,32153540.21111449,-0.017592535872528292
2024-08-27,31898826.899498083,-0.007921781239142
2024-08-28,31750737.89940328,-0.0046424591274587534
2024-08-29,31269641.573942207,-0.015152288018796423
2024-09-02,31980529.44592415,0.022734122816884028
2024-09-03,32140730.198418986,0.005009321461225902
2024-09-04,31828014.67196052,-0.00972957131116603
2024-09-05,31876885.61372787,0.0015354693741047587
2024-09-06,30810795.08106153,-0.03344399906517925
2024-09-09,30454087.67132109,-0.01157735166528362
2024-09-10,30369841.61258692,-0.002766330078359469
2024-09-11,29977546.22853607,-0.012917268027116124
2024-09-12,29812541.926997952,-0.005504263100128193
2024-09-13,30055628.974339988,0.008153851755992036
2024-09-16,29566138.795949757,-0.01628613990437977
2024-09-17,29054667.71174753,-0.017299218126930138
2024-09-18,28342901.381508116,-0.024497486507189747
2024-09-19,27958017.042075057,-0.013579567393342873
2024-09-20,29195479.622201193,0.044261457393914405
2024-09-23,29096666.06721577,-0.0033845498092205384
2024-09-24,29093876.955346134,-9.585675084544665e-05
2024-09-25,28924073.12185104,-0.005836411343724146
2024-09-26,28443745.10468232,-0.016606513721120764
2024-09-27,29639358.298974656,0.04203430982425438
2024-10-01,29457656.592331253,-0.0061304197213233325
2024-10-03,29457656.592331253,0.0
2024-10-04,29457656.592331253,0.0
2024-10-07,29457656.592331253,0.0
2024-10-08,29457656.592331253,0.0
2024-10-09,29457656.592331253,0.0
2024-10-10,29457656.592331253,0.0
2024-10-11,29457656.592331253,0.0
2024-10-14,29457656.592331253,0.0
2024-10-15,29457656.592331253,0.0
2024-10-16,29457656.592331253,0.0
2024-10-17,29457656.592331253,0.0
2024-10-18,29457656.592331253,0.0
2024-10-21,29457656.592331253,0.0
2024-10-22,29457656.592331253,0.0
2024-10-23,29457656.592331253,0.0
2024-10-24,29457656.592331253,0.0
2024-10-25,29457656.592331253,0.0
2024-10-28,29457656.592331253,0.0
2024-10-29,29457656.592331253,0.0
2024-10-30,29457656.592331253,0.0
2024-11-01,29457656.592331253,0.0
2024-11-04,29457656.592331253,0.0
2024-11-05,29457656.592331253,0.0
2024-11-06,29457656.592331253,0.0
2024-11-07,29457656.592331253,0.0
2024-11-08,29457656.592331253,0.0
2024-11-11,29457656.592331253,0.0
2024-11-12,29457656.592331253,0.0
2024-11-13,29457656.592331253,0.0
2024-11-14,29457656.592331253,0.0
2024-11-18,29457656.592331253,0.0
2024-11-19,29457656.592331253,0.0
2024-11-21,29457656.592331253,0.0
2024-11-22,29457656.592331253,0.0
2024-11-25,29457656.592331253,0.0
2024-11-26,29457656.592331253,0.0
2024-11-27,29457656.592331253,0.0
2024-11-28,29457656.592331253,0.0
2024-12-02,29457656.592331253,0.0
2024-12-03,29457656.592331253,0.0
2024-12-04,29457656.592331253,0.0
2024-12-05,29457656.592331253,0.0
2024-12-06,29457656.592331253,0.0
2024-12-09,29457656.592331253,0.0
2024-12-10,29457656.592331253,0.0
2024-12-11,29457656.592331253,0.0
2024-12-12,29457656.592331253,0.0
2024-12-13,29457656.592331253,0.0
2024-12-16,29457656.592331253,0.0
2024-12-17,29457656.592331253,0.0
2024-12-18,29457656.592331253,0.0
2024-12-19,29457656.592331253,0.0
2024-12-20,29457656.592331253,0.0
2024-12-23,29457656.592331253,0.0
2024-12-24,29457656.592331253,0.0
2024-12-26,29457656.592331253,0.0
2024-12-27,29457656.592331253,0.0
2024-12-30,29457656.592331253,0.0
2025-02-01,29457656.592331253,0.0
2025-02-03,29457656.592331253,0.0
2025-02-04,29457656.592331253,0.0
2025-02-05,29457656.592331253,0.0
2025-02-06,29457656.592331253,0.0
2025-02-07,29457656.592331253,0.0
2025-02-10,29457656.592331253,0.0
2025-02-11,29457656.592331253,0.0
2025-02-12,29457656.592331253,0.0
2025-02-13,29457656.592331253,0.0
2025-02-14,29457656.592331253,0.0
2025-02-17,29457656.592331253,0.0
2025-02-18,29457656.592331253,0.0
2025-02-19,29457656.592331253,0.0
2025-02-20,29457656.592331253,0.0
2025-02-21,29457656.592331253,0.0
2025-02-24,29457656.592331253,0.0
2025-02-25,29457656.592331253,0.0
2025-02-27,29457656.592331253,0.0
2025-03-03,29457656.592331253,0.0
2025-03-04,29457656.592331253,0.0
2025-03-05,29457656.592331253,0.0
2025-03-06,29457656.592331253,0.0
2025-03-07,29457656.592331253,0.0
2025-03-10,29457656.592331253,0.0
2025-03-11,29457656.592331253,0.0
2025-03-12,29457656.592331253,0.0
2025-03-13,29457656.592331253,0.0
2025-03-17,29457656.592331253,0.0
2025-03-18,29457656.592331253,0.0
2025-03-19,29457656.592331253,0.0
2025-03-20,29457656.592331253,0.0
2025-03-21,29457656.592331253,0.0
2025-03-24,29457656.592331253,0.0
2025-03-25,29457656.592331253,0.0
2025-03-26,29457656.592331253,0.0
2025-03-27,29457656.592331253,0.0
2025-04-01,29190487.330705076,-0.009069603374211699
2025-04-02,29380327.084826976,0.006503480122519667
2025-04-03,29802777.44889693,0.014378681450694986
2025-04-04,27864594.246062234,-0.06503364346353668
2025-04-07,25573836.606614538,-0.08221033542490652
2025-04-08,26645666.71971485,0.041911197353278196
2025-04-09,25921139.339944936,-0.027191189749207645
2025-04-11,27936164.311892696,0.07773674395718277
2025-04-15,29533894.748055175,0.05719219067888681
2025-04-16,29819943.44321783,0.009685437616773873
2025-04-17,29620206.023125745,-0.006698115322465892
2025-04-21,29599873.30360107,-0.0006864476063670466
2025-04-22,30364885.084644914,0.02584510322720779
2025-04-23,30355942.17983616,-0.00029451469300223465
2025-04-24,29942410.89993123,-0.013622745670520464
2025-04-25,28522168.85362129,-0.0474324546228575
2025-04-28,28968058.5920541,0.01563309370760546
2025-04-29,28805714.550316855,-0.00560424307418983
2025-05-02,28131813.39268573,-0.023394703729844202
2025-05-05,28499399.743101995,0.013066571474977806
2025-05-06,27381058.85760404,-0.03924085754713613
2025-05-07,28149077.758690722,0.028049276877157414
2025-05-08,27369019.017568704,-0.027711697974942884
2025-05-09,27468640.13761648,0.0036399229356312013
2025-05-12,28773253.43415921,0.047494644438409894
2025-05-13,29034464.257265538,0.009078251220496991
2025-05-14,29013195.56853565,-0.0007325325014243544
2025-05-15,29467108.499212224,0.015645051218309725
2025-05-16,29748800.137881897,0.009559527656987532
2025-05-19,29518588.495562077,-0.0077385185705917126
2025-05-20,29685540.85926444,0.005655838311085404
2025-05-21,29507441.499457806,-0.005999532252115025
2025-05-22,29002260.655855488,-0.017120455652232747
2025-05-23,29292390.146716636,0.010003685378317861
2025-05-26,29265856.85396625,-0.0009058083897383051
2025-05-27,29360262.167995073,0.0032257833590827456
2025-05-28,29959890.80988945,0.020423136498693095
2025-05-29,30068873.476703443,0.0036376189588120944
2025-06-02,29917936.306090467,-0.005019714846647538
2025-06-03,29945397.63972763,0.000917888632297581
2025-06-04,30129216.459849253,0.006138466496025341
2025-06-05,30387312.127992436,0.008566292073580062
2025-06-06,30405153.92869801,0.0005871463928901477
2025-06-09,30412118.523713753,0.00022905968613318173
2025-06-10,30526275.45789776,0.003753665963618813
2025-06-11,31779312.55956562,0.04104782135626284
2025-06-12,30853485.911893845,-0.029132997950677808
2025-06-13,30665371.325861096,-0.006097028600591026
2025-06-16,30794883.62135286,0.004223405420906934
2025-06-17,30392530.21092373,-0.013065592823027883
2025-06-18,30518583.944367334,0.004147523505571682
2025-06-19,29859963.60215988,-0.021580960093301238
2025-06-20,30103410.997295216,0.00815297025739592
2025-06-23,30371688.157095887,0.008911852541387377
2025-06-24,30976251.67705822,0.01990549609344283
2025-06-25,30850690.731491417,-0.004053458335625426
2025-06-26,30639547.59860318,-0.006844032593173233
2025-06-27,30669894.705145203,0.000990455438167226
2025-07-01,31278530.26624618,0.019844722877345733
2025-07-02,31156717.29875936,-0.0038944594407069877
2025-07-03,31660347.57672624,0.01616442044062616
2025-07-04,31005012.37178826,-0.020698926420495867
2025-07-07,30341172.91218508,-0.021410714230425953
2025-07-08,29496872.444077168,-0.027826889571854307
2025-07-09,29849043.602268122,0.011939271150140929
2025-07-10,29695151.715259243,-0.005155672290859781
2025-07-11,29533660.917838052,-0.005438288343150854
2025-07-14,30263337.70691718,0.024706614974319363
2025-07-15,30955713.292485703,0.022878361675561898
2025-07-16,31078928.371668767,0.003980366338803609
2025-07-17,30971539.78736533,-0.003455350294553017
2025-07-18,30597907.60615064,-0.012063726368784278
2025-07-21,31076481.10040107,0.015640726170250696
2025-07-22,31162871.139318246,0.0027799170259357187
2025-07-23,31316290.05454075,0.004923131586195062
2025-07-24,31454434.50372344,0.004411264838271034
2025-07-25,30552750.059979554,-0.02866636955870716
2025-07-28,30448124.497492176,-0.0034244237354078555
2025-07-29,30930422.005802985,0.015839974260172696
2025-07-30,30566250.819577646,-0.011773883529846985
2025-08-01,30363317.237634476,-0.006639138805116129
2025-08-04,30885381.982031263,0.017193929777531203
2025-08-05,30386646.26773851,-0.01614795357178722
2025-08-06,30433602.393730033,0.0015452882025146497
2025-08-07,30682099.104343094,0.008165208554615777
2025-08-08,30056251.656054355,-0.020397804145028342
2025-08-11,30644357.257281438,0.01956683115236757
2025-08-12,30478014.972331583,-0.005428153821380288
2025-08-13,31720544.845756985,0.0407680708390421
2025-08-14,31389496.549757168,-0.010436400055849004
2025-08-18,31952483.22690495,0.017935511525499104
2025-08-19,32097421.267687492,0.004536049350320814
2025-08-20,32017079.318388976,-0.0025030655462466855
2025-08-21,31121950.414575674,-0.0279578563338595
2025-08-22,31588890.036626466,0.015003546237645438
2025-08-25,31411013.42554193,-0.005630986428402318
2025-08-26,31183791.533653967,-0.007233828746932347
2025-08-28,30852008.139348656,-0.010639610451065429
2025-09-01,30483330.297033753,-0.011949881532822837
2025-09-02,30483330.297033753,0.0
2025-09-03,30483330.297033753,0.0
2025-09-04,30483330.297033753,0.0
2025-09-05,30483330.297033753,0.0
2025-09-08,30483330.297033753,0.0
2025-09-09,30483330.297033753,0.0
2025-09-10,30483330.297033753,0.0
2025-09-11,30483330.297033753,0.0
2025-09-12,30483330.297033753,0.0
2025-09-15,30483330.297033753,0.0
2025-09-16,30483330.297033753,0.0
2025-09-17,30483330.297033753,0.0
2025-09-18,30483330.297033753,0.0
2025-09-19,30483330.297033753,0.0
2025-09-22,30483330.297033753,0.0
2025-09-23,30483330.297033753,0.0
2025-09-24,30483330.297033753,0.0
2025-09-25,30483330.297033753,0.0
2025-09-26,30483330.297033753,0.0
2025-09-29,30483330.297033753,0.0
2025-10-01,30483330.297033753,0.0
2025-10-03,30483330.297033753,0.0
2025-10-06,30483330.297033753,0.0
2025-10-07,30483330.297033753,0.0
2025-10-08,30483330.297033753,0.0
2025-10-09,30483330.297033753,0.0
2025-10-10,30483330.297033753,0.0
2025-10-13,30483330.297033753,0.0
2025-10-14,30483330.297033753,0.0
2025-10-15,30483330.297033753,0.0
2025-10-16,30483330.297033753,0.0
2025-10-17,30483330.297033753,0.0
2025-10-20,30483330.297033753,0.0
2025-10-21,30483330.297033753,0.0
2025-10-23,30483330.297033753,0.0
2025-10-24,30483330.297033753,0.0
2025-10-27,30483330.297033753,0.0
2025-10-28,30483330.297033753,0.0
2025-10-29,30483330.297033753,0.0
2025-10-30,30483330.297033753,0.0
2025-11-03,30948775.735758327,0.015268851342330692
2025-11-04,30561776.87365105,-0.012504496637007145
2025-11-06,30324050.51922439,-0.007778551470010164
2025-11-07,31148551.310978085,0.027189665550484188
2025-11-10,31169964.875041083,0.0006874658101820863
2025-11-11,30518078.173526935,-0.020913937636039326
2025-11-12,30352679.175592847,-0.005419705559230326
2025-11-13,30047173.979783222,-0.010065180541139473
2025-11-14,30632311.941398732,0.01947397655464078
2025-11-17,30786305.77794513,0.0050271698995818515
2025-11-18,30514163.50455267,-0.00883971839152653
2025-11-19,30744004.09409339,0.007532259224685145
2025-11-20,30743345.63396267,-2.141751375994705e-05
2025-11-21,30036185.996928208,-0.023002039057624546
2025-11-24,29990711.474403575,-0.0015139912414073864
2025-11-25,30245549.12660896,0.008497219294810066
2025-11-26,30942880.50014198,0.023055669137100665
2025-11-27,31049618.515172213,0.003449517734127827
2025-12-01,31355635.376877747,0.009855736602882859
2025-12-02,30890581.023459807,-0.014831603564342988
2025-12-03,30603902.30496791,-0.009280457310731016
2025-12-04,30322786.503078833,-0.009185619503282894
2025-12-05,30578372.003785387,0.008428826311216664
2025-12-08,29955045.837773077,-0.020384543883995687
2025-12-09,30072298.39763163,0.003914284107377375
2025-12-10,29727026.73552922,-0.01148138587669778
2025-12-11,30126025.985849224,0.013422104197293505
2025-12-12,30727741.988526814,0.019973294949696463
2025-12-15,30622872.594202317,-0.0034128571622233927
2025-12-16,30306417.62054243,-0.010333941490511922
2025-12-17,30240380.72700671,-0.0021789739177539014
2025-12-18,30423267.736809745,0.006047774710709941
2025-12-19,31055224.97391676,0.020772168281660175
2025-12-22,31457858.584945485,0.01296508434142396
2025-12-23,31623477.09572745,0.005264773834962266
2025-12-24,32071549.59438826,0.014168982661345142
2025-12-26,32051574.850499913,-0.000622818171899131
2025-12-29,32253629.494454138,0.0063040473017841325
2025-12-30,33066515.01635492,0.025202916218795002
2026-02-02,29885907.198361304,0.0
2026-02-03,29885907.198361304,0.0
2026-02-04,29885907.198361304,0.0
2026-02-05,29885907.198361304,0.0
2026-02-06,29885907.198361304,0.0
2026-02-09,29885907.198361304,0.0
2026-02-10,29885907.198361304,0.0
2026-02-11,29885907.198361304,0.0
2026-02-12,29885907.198361304,0.0
2026-02-13,29885907.198361304,0.0
2026-02-16,29885907.198361304,0.0
2026-02-17,29885907.198361304,0.0
2026-02-18,29885907.198361304,0.0
2026-02-19,29885907.198361304,0.0
2026-02-20,29885907.198361304,0.0
2026-02-23,29885907.198361304,0.0
2026-02-24,29885907.198361304,0.0
2026-02-25,29885907.198361304,0.0
2026-02-26,29885907.198361304,0.0
2026-03-02,29885907.198361304,0.0
2026-03-04,29885907.198361304,0.0
2026-03-05,29885907.198361304,0.0
2026-03-06,29885907.198361304,0.0
2026-03-09,29885907.198361304,0.0
2026-03-10,29885907.198361304,0.0
2026-03-11,29885907.198361304,0.0
2026-03-12,29885907.198361304,0.0
2026-03-13,29885907.198361304,0.0
2026-03-16,29885907.198361304,0.0
2026-03-17,29885907.198361304,0.0
2026-03-18,29885907.198361304,0.0
2026-03-19,29885907.198361304,0.0
2026-03-20,29885907.198361304,0.0
2026-03-23,29885907.198361304,0.0
2026-03-24,29885907.198361304,0.0
2026-03-25,29885907.198361304,0.0
2026-03-27,29885907.198361304,0.0
2026-04-01,29885907.198361304,0.0
